R#,ADP,PLAYER,TEAM,POS,GP,MPG,FGM,FGA,FG%,FTM,FTA,FT%,3PM,PTS,REB,AST,STL,BLK,TO,W18,W19,W20,W21
2,9.5,Kade Birchwell,ALB,PF,76,37,11.4,25.7,0.443,3.6,4.4,0.812,3.4,28.6,8.5,2.9,1,1.2,2.3,4,4,3,4
12,7.9,Vance Yarrow,BRV,"PF,C",57,37,9.6,20.2,0.475,4.5,5.3,0.846,4,26.1,8,2.5,1,1.8,3.4,4,3,4,4
1,15.5,Ulises Zeller,CDR,"SG,SF",70,37,11.4,25.5,0.448,5.8,7.7,0.753,6.7,32.9,4.2,3.3,1.5,0.5,4.9,4,4,3,4
5,8.4,Gage Ashgrove,DLT,"SG,SF",76,37,11.4,26.2,0.435,4.2,4.6,0.899,4.7,30.1,5.5,3.7,1.3,0.4,3.5,3,4,3,3
4,5.3,Tate Oakridge,EMB,SF,78,37,12.8,30.4,0.422,6.2,8.2,0.748,3.4,34,9.4,3.5,1.6,0.6,2.6,4,4,3,4
10,2,Cam Ashgrove,FRG,PF,52,37,11.7,23.6,0.497,5.4,7.1,0.76,3.9,31.2,8.6,2.9,1,0.9,3.6,4,4,4,3
30,19.2,Avery Fairbourne,GLN,"SF,PF",80,37,12.7,26.6,0.478,2.4,3,0.79,4.2,30.4,8,2.9,1.1,0.7,3.2,3,4,4,3
16,19.1,Milo Zeller,HVN,PG,79,35.9,9.8,23.2,0.42,4.7,5.8,0.823,3.7,26.7,4.9,12,1.1,0.5,5.8,4,4,4,3
6,1,Jonah Northcott,IRN,"SG,SF",73,37,10,25.1,0.4,3.5,4.9,0.727,4.5,26.6,5.6,4.6,1,0.6,3.3,3,3,4,4
11,24.6,Tate Dunmore,JAD,PG,70,37,11.4,24,0.476,8.2,9.5,0.861,4.5,33.9,3.8,14.4,1.3,0.4,5.5,4,4,4,3
3,3.2,Quincy Yarrow,KNG,SF,70,37,10,19.6,0.51,3.8,5.2,0.724,2.5,25.3,5.7,4.5,1.4,1,3.4,4,3,3,3
19,11.2,Cyrus Pembrook,LYX,SG,76,37,7.8,16.6,0.47,3.8,5,0.758,6.7,23.6,5.2,4.3,1.5,0.6,3.1,4,3,4,4
20,8.8,Wes Quill,MTR,"PF,C",73,37,8.6,17,0.505,3.5,4.5,0.786,3,22.5,9.3,2.7,0.8,1.7,3.3,3,3,3,4
14,20.1,Eli Vexley,NOV,PG,74,37,9.3,20.3,0.46,4.2,5.2,0.803,3.7,25.1,4.2,13.5,1,0.3,4.1,4,3,4,4
26,26.4,Avery Lockhart,ORC,"PF,C",59,35.2,6.5,12.7,0.511,3.3,4.2,0.788,2.9,18,6.7,2.2,0.7,1.3,2.4,3,4,3,4
15,33.8,Idris Lockhart,PHN,"SF,PF",75,37,9.7,21,0.461,2.9,3.7,0.784,3.4,24.4,7.6,3.5,1.3,0.6,2.6,4,3,3,4
8,9.3,Florian Ingram,QST,C,79,37,8.6,14.8,0.582,7,9.8,0.716,0.4,24.5,12.4,3.1,0.8,2.2,3.8,4,4,3,3
7,16.1,Hollis Underhill,RVR,"PG,SG",79,37,7.3,16.3,0.448,4.6,5,0.918,4.4,22,4.1,12.9,1.2,0.5,4.8,4,3,4,3
18,30.3,Hugo Corvell,SUM,PG,74,37,9.9,20.6,0.48,4.7,5.7,0.813,4.3,27,3.9,13.9,2,0.3,4,3,4,4,4
9,25.3,Marek Oakridge,TID,C,69,37,11.8,22,0.534,6.6,9.5,0.697,0.4,30.4,13.1,2.6,0.7,1.7,3.2,4,3,3,3
33,32.6,Rowan Garrow,UMB,"PF,C",78,37,11.3,22.2,0.511,6.6,9.2,0.717,2.7,30.9,7.5,3,0.9,0.9,2.5,4,3,3,4
29,37.5,Niall Northcott,VIP,"PF,C",79,31.3,7.1,15.4,0.46,5.4,6.5,0.84,4,22.1,7.2,2.4,0.9,1.4,2.6,3,3,4,4
23,5.1,Quincy Calloway,WLD,PG,77,37,8.9,19.9,0.446,6.2,7.1,0.876,4.1,26.6,4.6,13.3,1.8,0.2,4.3,3,4,3,4
21,45.4,Kellan Lockhart,XEN,PG,76,34.8,7.7,17.5,0.437,4.7,6,0.794,4.7,23.1,5,14.4,1.3,0.4,3.1,3,4,4,4
31,28.9,Ulises Birchwell,YTI,"PF,C",74,36.4,6.7,12.9,0.519,3.6,4.5,0.799,3.2,18.9,9.9,2.7,0.8,1.2,2.2,4,3,3,3
40,28.4,Hugo Ravensworth,ZEP,C,73,33.1,7.8,11.9,0.651,4.4,6.7,0.651,0.4,20.1,10.2,2.4,0.6,1.5,2.8,3,3,4,4
22,25,Milo Ashgrove,ARC,C,73,34.7,9.5,15.3,0.619,3.7,6.3,0.588,0.2,22.7,12.9,2.1,0.7,1.8,2.6,3,4,3,4
37,32,Cyrus Ingram,BOL,"SG,SF",80,37,11.5,23.7,0.483,6.4,7,0.913,4.5,32.1,5.1,3.6,1.5,0.4,3.1,4,4,3,3
41,42.3,Zane Blackwood,CRS,"SG,SF",60,32.4,8.2,17.5,0.471,4.6,5.9,0.775,3,22.9,4.6,3.2,1.3,0.7,2.5,3,3,3,4
13,19,Ulises Pembrook,DUN,PF,72,37,9.2,19.2,0.48,3.7,4.2,0.886,1.9,23.3,7.5,2.4,1.1,1.2,2.8,4,3,3,3
34,40.5,Dorian Garrow,ALB,SG,72,37,7.8,19.2,0.405,5.2,6.6,0.779,5.4,24.3,5.9,5.1,0.9,0.4,3.5,4,4,3,4
27,22,Finn Abernet,BRV,"SF,PF",54,37,8.9,17.9,0.497,4.6,6.4,0.724,3,24.2,8.2,3.3,1.1,0.7,3.6,4,3,4,4
47,52.3,Marek Birchwell,CDR,PG,70,37,10.8,25,0.432,4.5,4.9,0.913,2.9,28,3.7,10.3,1.3,0.4,3.8,4,4,3,4
32,51.7,Hugo Yarrow,DLT,SG,55,36.4,8.4,18.7,0.451,4,4.9,0.801,3.9,23.3,4.7,4.6,1.2,0.4,3.4,3,4,3,3
25,22.8,Hollis Fairbourne,EMB,SG,57,34.4,8.3,17.3,0.476,4.4,5,0.884,4,23.4,4.9,4.8,1.1,0.3,3.1,4,4,3,4
35,29.5,Emeka Blackwood,FRG,C,73,36.6,11.2,18.2,0.617,5,7.1,0.707,0.3,27.7,10.3,3,0.9,1.7,3.4,4,4,4,3
17,22.1,Soren Yarrow,GLN,"SF,PF",73,35.6,4.9,10.3,0.478,3.8,5.1,0.753,2.3,15.1,6.4,3.2,1.3,0.5,2.3,3,4,4,3
36,46.9,Yuri Calloway,HVN,PF,78,28,7.8,18.1,0.432,2.4,3.4,0.722,2.5,19.7,7.2,1.7,0.7,1.2,2,4,4,4,3
24,32.5,Kellan Oakridge,IRN,"SF,PF",74,37,9.5,22.3,0.427,3.7,4.9,0.758,2.7,24.5,7.7,3.5,1,0.8,3.6,3,3,4,4
51,53.2,Linus Eastlake,JAD,C,78,33.4,7,11.3,0.616,5.2,8.7,0.599,0.4,19.4,13.9,2.4,1,2.3,3,4,4,4,3
46,34.1,Orin Hartwell,KNG,SG,76,34.8,13,27.3,0.474,3.8,4.7,0.809,5.4,33.1,3.6,3.7,1.4,0.6,4,4,3,3,3
39,51.9,Dorian Vexley,LYX,"SG,SF",77,32.6,7.7,18.7,0.409,4,5,0.801,3,21.3,4.8,4.2,1,0.6,3,4,3,4,4
43,41.6,Quincy Fairbourne,MTR,PG,77,33,9.4,21.2,0.444,4.9,5.6,0.884,3.9,26.3,2.8,9.8,1.2,0.2,3.7,3,3,3,4
28,31.6,Lior Everly,NOV,"PF,C",49,34.5,9.5,20.9,0.458,3.7,4.6,0.794,1.6,23.8,8,2.8,0.8,1.5,2.7,4,3,4,4
45,58.4,Soren Northcott,ORC,C,75,37,8.1,16,0.507,4.3,7.2,0.596,0.4,20.8,15.6,2.3,0.8,2.2,1.6,3,4,3,4
64,76.1,Milo Northcott,PHN,PF,74,33.5,6.2,12.1,0.509,3.2,3.9,0.821,1.7,16.5,8.3,2.7,0.9,1.3,1.8,4,3,3,4
63,52.5,Gage Draven,QST,C,74,30.9,5,8.4,0.601,4.5,6.2,0.722,0.2,14.6,10.9,2.3,0.9,0.7,2.2,4,4,3,3
59,62.8,Dorian Underhill,RVR,"SG,SF",70,33.5,6,12.9,0.467,3.3,4,0.831,3.5,17.6,5.4,3.8,0.9,0.5,2.5,4,3,4,3
44,42.4,Orin Wolcott,SUM,"SG,SF",77,33.9,6.8,14.6,0.468,2.8,3.3,0.848,4.2,19.1,4.4,4.4,1.5,0.4,2.5,3,4,4,4
50,48.3,Yuri Ravensworth,TID,"SG,SF",71,35.7,11,23.2,0.472,6.6,7.5,0.869,3.1,30.4,5,4.5,1,0.5,2.6,4,3,3,3
56,41,Dante Quill,UMB,PF,70,33.5,6.7,13.4,0.497,2.8,3.6,0.786,1.7,17.2,7.5,2.6,0.8,1.3,2,4,3,3,4
53,45.5,Soren Blackwood,VIP,C,75,32.4,7.4,13.6,0.542,3.2,4.8,0.672,0.1,18,12.3,1.9,0.8,1.1,2.2,3,3,4,4
48,61.4,Galen Stroud,WLD,SF,67,32.9,7.5,16.1,0.466,4.7,5.7,0.826,2.6,21.2,6.1,3.4,1.1,0.6,1.8,3,4,3,4
81,74.9,Florian Pembrook,XEN,SG,71,27.7,5.1,11.5,0.444,2.5,3.3,0.777,2.7,14.5,3.9,1.9,1.1,0.4,2,3,4,4,4
60,71.3,Orin Ravensworth,YTI,"SF,PF",72,31.6,6.5,13.8,0.473,2.2,3,0.741,2,16.5,6.7,2.9,1.4,0.6,1.7,4,3,3,3
49,41.5,Ulises Thorne,ZEP,"PF,C",74,30.8,5.6,11.7,0.48,3.2,3.8,0.832,2.3,15.8,7.5,2.5,0.6,1.2,1.8,3,3,4,4
58,57.3,Finn Wolcott,ARC,"PF,C",68,31.9,8.1,16.5,0.492,3.5,4.5,0.775,3.3,21.7,7.3,2.4,0.7,0.7,2.6,3,4,3,4
62,68.1,Finn Marlow,BOL,PF,58,33.2,6.1,12.8,0.474,3.4,4.2,0.826,1.9,16.8,8.7,2.8,0.8,1.5,2.1,4,4,3,3
67,57.8,Florian Ravensworth,CRS,"SF,PF",78,33.1,7.2,14.8,0.487,3.4,4.4,0.775,1.9,19,5.9,2.6,1.4,0.8,2.4,3,3,3,4
79,82,Galen Calloway,DUN,C,74,27.3,5.6,10.3,0.543,3.2,4.9,0.66,0.3,14.6,8.8,1.7,0.4,1.2,2.4,4,3,3,3
42,23.2,Wes Birchwell,ALB,PG,76,32.1,8,17.2,0.467,4.7,5.5,0.854,2.7,22.5,3.9,11.5,1.2,0.4,4.9,4,4,3,4
52,59.2,Soren Marlow,BRV,SG,45,32.6,9.9,21.8,0.452,3.8,4.9,0.77,3.2,25.6,4.1,4,0.9,0.5,2.3,4,3,4,4
55,52.7,Bram Pembrook,CDR,"SG,SF",73,29.4,5.9,15.5,0.38,2.1,2.5,0.861,3.7,16.5,4,3.8,1,0.3,2.2,4,4,3,4
92,95.9,Gage Abernet,DLT,"PG,SG",71,26.8,4.1,7.7,0.53,3.2,3.9,0.818,2.3,12.7,3,7.5,1.1,0.3,2.6,3,4,3,3
61,70.5,Finn Pembrook,EMB,C,48,30.3,5.8,9.6,0.605,2.4,3.4,0.69,0.3,14.1,11.1,2.9,0.4,1.5,2.5,4,4,3,4
71,74.3,Soren Wolcott,FRG,"PF,C",45,27.1,4,9.1,0.441,2,2.4,0.84,1.6,11.1,6,1.8,0.4,0.9,1,4,4,4,3
94,111.1,Yuri Eastlake,GLN,"SF,PF",74,27.4,6.3,13,0.48,1.8,2.4,0.745,1.1,14.9,5.6,2.3,1.1,0.4,1.4,3,4,4,3
38,43.8,Tate Marlow,HVN,"SG,SF",71,35.1,9.5,21.4,0.446,5.6,6.9,0.813,3.4,26.9,5.2,4.2,1,0.5,2.7,4,4,4,3
70,69.5,Dante Ashgrove,IRN,SG,54,29.8,6.4,14.7,0.439,3.2,4,0.805,3.7,18.5,4.6,3.2,1.2,0.3,2.3,3,3,4,4
54,42.6,Quincy Zeller,JAD,"PF,C",75,31.3,5.2,10.9,0.477,3.5,4.6,0.756,2,15.1,7.3,1.9,0.6,0.9,1.7,4,4,4,3
85,89.6,Linus Blackwood,KNG,PF,72,28.4,4.4,9.4,0.467,2.2,2.5,0.908,1,11.7,7.1,1.8,0.4,0.5,1.4,4,3,3,3
75,61.5,Marek Stroud,LYX,"PF,C",78,29.8,6,12.6,0.481,3.6,4.4,0.808,2.4,17.1,6.6,1.7,0.6,1,1.8,4,3,4,4
86,86.4,Idris Underhill,MTR,"SF,PF",72,29.3,5.6,11.6,0.479,2.5,3.1,0.806,2.1,14.9,6.6,2.9,1.1,0.7,1.9,3,3,3,4
57,61.1,Dorian Eastlake,NOV,PG,51,34.2,8.1,19.8,0.411,3.6,4.4,0.799,3.6,22.2,4.3,10.9,1.1,0.3,4.9,4,3,4,4
74,96.1,Rowan Calloway,ORC,"SF,PF",74,29.9,6.1,15.1,0.403,2.7,3.4,0.791,2.3,16.4,5.3,2.9,0.8,0.9,1.7,3,4,3,4
108,87.6,Ivo Yarrow,PHN,PG,71,26.6,5.4,11.8,0.456,1.9,2.1,0.917,2.2,14.1,3.2,6.6,1.1,0.4,2.2,4,3,3,4
69,74.9,Quincy Marlow,QST,C,75,26.5,6,10.1,0.598,3.1,4.7,0.649,0.3,15.3,10.1,1.9,0.7,1.1,1.9,4,4,3,3
68,63.2,Wes Calloway,RVR,"SF,PF",73,31.5,6.8,14.9,0.456,3.3,4.4,0.748,2.3,18.4,6.1,2.8,1.2,0.6,1.7,4,3,4,3
73,77,Xander Blackwood,SUM,SF,74,29.4,8.3,19.4,0.427,2.3,3.6,0.632,1.5,19.8,6.2,3,1.1,0.7,2.1,3,4,4,4
95,90,Cam Garrow,TID,C,73,26.9,5.6,9,0.621,2.9,4.6,0.632,0.3,14.2,9.5,2.1,0.6,0.6,1.7,4,3,3,3
84,84.2,Hugo Lockhart,UMB,"SG,SF",71,29,6.3,14.9,0.427,2.1,2.4,0.877,2.6,16.5,4,2.7,1,0.4,1.7,4,3,3,4
88,89.8,Florian Yarrow,VIP,"PG,SG",76,27.2,4.8,10.6,0.453,4.9,5.3,0.92,2.1,15.8,2.9,7.5,0.9,0.2,2.8,3,3,4,4
87,82,Linus Fairbourne,WLD,SG,72,27.7,6.6,13.3,0.491,3.7,4.6,0.815,2.5,18.4,4,3.5,0.9,0.4,1.9,3,4,3,4
78,76.4,Niall Abernet,XEN,PG,48,33.2,7,14.6,0.483,2.9,3.5,0.82,2.1,18.3,3.3,6.7,1.3,0.2,4.8,3,4,4,4
66,67.1,Kade Draven,YTI,C,77,31.9,6.4,10.4,0.623,4.1,6.7,0.611,0.4,17.2,11.5,1.5,0.7,2,2.1,4,3,3,3
112,103.5,Finn Oakridge,ZEP,PF,47,28.2,4.2,9.6,0.439,2.4,3,0.791,2.2,12.2,6.8,2.2,0.7,0.9,1.2,3,3,4,4
65,58.9,Quincy Corvell,ARC,C,74,30.9,4.8,8.3,0.579,1.6,2.9,0.558,0.2,11.4,12.2,1.9,0.5,1.6,2.1,3,4,3,4
124,109.5,Soren Fairbourne,BOL,SF,73,26.4,4.9,10.5,0.472,2.3,2.8,0.823,1.3,13,5,2.8,0.8,0.8,1.2,4,4,3,3
72,72.9,Galen Abernet,CRS,SF,75,30.4,7.1,14.6,0.485,2.9,4,0.735,2.1,18.3,5.6,2.4,1.1,0.7,1.5,3,3,3,4
76,72.9,Kade Wolcott,DUN,PG,70,29.3,6.7,14.8,0.454,2.4,2.8,0.847,2,17.1,2.9,9.4,1,0.4,2.7,4,3,3,3
83,83.8,Gage Fairbourne,ALB,SF,67,28.7,5.5,11.9,0.467,2.2,3.2,0.692,1.2,14.1,5.8,2.4,0.5,0.4,1.2,4,4,3,4
132,120.7,Emeka Jessop,BRV,"PG,SG",78,27.4,3.3,6.8,0.486,1.9,2,0.931,2,9.7,3.2,6.3,1,0.2,2.4,4,3,4,4
165,168.1,Rowan Eastlake,CDR,PG,71,23.2,4.1,9.7,0.42,1.5,1.9,0.811,1.9,11,2.1,5.1,0.8,0.2,1.6,4,4,3,4
90,88.3,Pax Underhill,DLT,"PF,C",75,25.8,5.9,12,0.487,3.7,4.7,0.781,1.7,16.5,5.3,1.6,0.6,1,1.4,3,4,3,3
96,98.3,Emeka Corvell,EMB,SG,80,29.5,5.5,11.9,0.468,1.9,2.3,0.853,2.7,14.7,4.3,3.3,1.2,0.4,1.7,4,4,3,4
98,104.6,Idris Fairbourne,FRG,"PG,SG",74,30.7,6.5,15.5,0.423,3.2,4.1,0.795,1.3,17.2,3.8,6.6,1.2,0.2,3.1,4,4,4,3
102,111.6,Gage Northcott,GLN,"SG,SF",56,26.8,4.9,10.6,0.467,2.7,3.2,0.832,2.6,14.2,3.9,2.7,1,0.4,1.4,3,4,4,3
89,72.4,Wes Ingram,HVN,C,70,25.5,3.6,6.3,0.571,1.7,2.7,0.627,0.3,9,9.9,2,0.6,1.3,1.3,4,4,4,3
82,84.9,Eli Birchwell,IRN,PG,74,26.8,5,11,0.451,4,4.7,0.857,2.6,15.6,2.9,7.7,1,0.2,2.5,3,3,4,4
91,95.9,Quincy Eastlake,JAD,"PG,SG",72,29.3,5.2,11.8,0.443,2.1,2.6,0.778,2.3,14,3.7,7.3,1.1,0.2,3.2,4,4,4,3
176,182,Nico Dunmore,KNG,"PF,C",77,20.1,3.3,6.3,0.522,0.9,1,0.853,0.5,7.8,3.9,1.2,0.5,0.8,0.9,4,3,3,3
77,75.2,Emeka Kestrel,LYX,"PF,C",72,30.5,6.1,11.5,0.528,1.3,1.9,0.68,1.7,14.4,6.3,2.4,0.8,1.1,1.5,4,3,4,4
116,120.9,Bram Hartwell,MTR,C,76,24,3.3,5.6,0.582,1.8,2.6,0.713,0.3,8.5,8,1.3,0.5,1.1,1.2,3,3,3,4
128,132.4,Galen Quill,NOV,SF,76,23.5,4.4,10,0.442,1.8,2.4,0.734,1.4,11.5,4.9,2,0.9,0.3,1.3,4,3,4,4
110,105.2,Idris Pembrook,ORC,SG,79,28.2,4.6,11,0.416,3.7,4.3,0.867,3.2,15,3.7,3.2,1.2,0.5,2,3,4,3,4
119,121.1,Linus Everly,PHN,SG,71,25.7,3,6.1,0.486,1.3,1.7,0.795,1.7,8.3,3.4,3.3,0.7,0.3,1.2,4,3,3,4
129,138.2,Zane Jessop,QST,PG,80,23.7,4.5,11.1,0.406,1.1,1.3,0.884,1.5,11.2,2.9,4.7,0.8,0.2,1.8,4,4,3,3
80,86.6,Dorian Fairbourne,RVR,SG,80,27.2,4.4,10.2,0.436,2.3,2.7,0.845,3.6,13.6,3.4,2.6,1.1,0.4,1.7,4,3,4,3
101,99.5,Florian Stroud,SUM,"SG,SF",74,25.8,3.6,7.4,0.49,1.7,2.1,0.787,2.3,10.4,3.9,2.7,0.6,0.4,1.4,3,4,4,4
105,102.4,Ansel Pembrook,TID,PF,70,24.4,4,8.7,0.467,2.5,3.1,0.802,1.3,11.4,5,1.5,0.7,0.9,1.4,4,3,3,3
93,83,Eli Thorne,UMB,PF,57,28.6,5.7,11.6,0.495,2.7,3.3,0.806,2,15.4,7,2,0.5,1,1.6,4,3,3,4
97,111.1,Ivo Vexley,VIP,"PF,C",49,26.3,3.8,8.2,0.471,1.4,1.9,0.731,1.5,10,6.1,2.4,0.6,0.9,1.2,3,3,4,4
158,155.5,Kellan Calloway,WLD,"SG,SF",75,22.8,4.8,10.1,0.475,1.7,2.2,0.761,1.8,12.4,3.9,2.6,0.5,0.3,1.2,3,4,3,4
103,107,Orin Abernet,XEN,"PG,SG",62,27.1,4.5,10.1,0.442,1.7,2,0.819,1.1,11.3,3.7,7,1,0.3,2.2,3,4,4,4
115,104.9,Hollis Northcott,YTI,"PF,C",78,29.9,5.6,11,0.505,1.9,2.6,0.725,1.7,14.1,6.4,1.9,0.8,0.2,1.4,4,3,3,3
149,160.3,Rowan Northcott,ZEP,"PF,C",77,21,4.1,8.5,0.482,1.7,2.2,0.771,0.9,10.4,4.4,1.4,0.4,0.9,1,3,3,4,4
134,122.9,Kade Stroud,ARC,PG,47,24.6,2.7,6.5,0.411,2,2.2,0.906,2,8.7,2.9,5.5,0.6,0.3,2,3,4,3,4
136,132.3,Orin Northcott,BOL,"SG,SF",72,27.7,5.2,11.8,0.442,1.6,1.7,0.915,2.6,13.7,3.7,3.6,0.9,0.5,1.6,4,4,3,3
121,112.4,Xander Stroud,CRS,"SG,SF",73,25.8,5,11,0.454,2.1,2.8,0.75,1.9,13.2,4.5,3.5,0.7,0.3,1.2,3,3,3,4
109,108.3,Jonah Ingram,DUN,"PF,C",74,24.9,3.3,6.4,0.521,1.6,2,0.79,1.8,9.3,6.1,2,0.5,1.1,1.5,4,3,3,3
104,111.7,Blake Blackwood,ALB,"SG,SF",62,24.5,5.4,12.6,0.427,2.6,3.2,0.808,2.5,15,4.1,2.9,0.9,0.5,1.6,4,4,3,4
144,157.1,Hugo Zeller,BRV,SF,53,25.2,4.6,8.7,0.532,2.6,3.6,0.729,1.8,12.9,4.8,2.9,0.9,0.3,1.6,4,3,4,4
246,,Orin Jessop,CDR,SF,73,22.5,3.2,6.8,0.472,1.9,2.3,0.802,1.1,9,4.7,2.1,0.7,0.3,1,4,4,3,4
126,133.4,Zane Wolcott,DLT,"SG,SF",78,22.3,4.1,8.9,0.456,1.6,1.9,0.876,1.5,10.7,3.4,2.4,0.8,0.4,1.5,3,4,3,3
135,137.1,Eli Underhill,EMB,"SG,SF",75,24.3,4.5,10.4,0.434,2.3,3,0.755,2.5,13,3.8,3.1,0.7,0.3,1.1,4,4,3,4
147,146,Ulises Marlow,FRG,SF,71,21,3.5,7.5,0.46,1.5,2,0.752,1.1,9.1,4,1.6,0.9,0.4,1.1,4,4,4,3
148,164.6,Eli Ravensworth,GLN,C,75,26.5,3.6,6,0.601,1.8,2.9,0.622,0.3,9.2,9.5,1.9,0.6,1.5,1.2,3,4,4,3
211,,Idris Yarrow,HVN,"PG,SG",76,23.8,3.2,7,0.452,1.2,1.3,0.878,1.5,8.5,2.3,4.6,0.8,0.1,1.9,4,4,4,3
117,131.8,Yuri Ingram,IRN,PG,72,24,4.7,11.8,0.4,1.4,1.6,0.83,1.8,12.1,2.9,5.3,0.5,0.2,2,3,3,4,4
169,175.5,Eli Quill,JAD,C,70,21.6,3.1,6.1,0.502,1.6,2.5,0.657,0.2,7.9,7,1.7,0.4,1,1.3,4,4,4,3
123,114.7,Finn Ravensworth,KNG,PG,73,26.5,4.9,10.7,0.459,2.6,3,0.853,1.5,13.4,2.7,5.8,1,0.3,2.7,4,3,3,3
150,156.7,Vance Calloway,LYX,PF,77,25.7,4.4,9.5,0.463,2,2.5,0.788,1.6,11.8,5.9,1.7,0.7,0.7,1.2,4,3,4,4
122,118.5,Niall Corvell,MTR,"PG,SG",74,24.5,4,7.8,0.516,1.9,2.2,0.847,1.9,11,3.3,4.9,0.9,0.1,2.4,3,3,3,4
100,105.9,Eli Eastlake,NOV,"PG,SG",73,26,4.5,9.3,0.48,2.3,2.7,0.864,2.1,12.6,3.5,6.2,0.9,0.3,2.8,4,3,4,4
238,,Wes Stroud,ORC,"SG,SF",71,21,2.8,6.7,0.417,1.7,2,0.856,1.2,8.2,3.3,2.6,0.6,0.3,0.8,3,4,3,4
106,117.9,Bram Wolcott,PHN,SF,74,22.9,3.5,6.8,0.513,1.6,2,0.838,1.1,9.3,5.1,2.1,0.6,0.6,1,4,3,3,4
153,130,Hugo Calloway,QST,PF,72,23.6,3.5,7,0.501,1.2,1.4,0.883,0.7,8.6,4.8,1.6,0.5,0.7,1.3,4,4,3,3
198,,Orin Eastlake,RVR,"PF,C",78,21.1,3.4,6.6,0.511,2,2.5,0.805,1.1,9.4,5,1.6,0.5,0.7,1,4,3,4,3
111,118.8,Cam Wolcott,SUM,"PF,C",73,26.5,4.1,7.9,0.52,1.6,2,0.784,1.6,10.8,4.6,2.2,0.2,1,1.3,3,4,4,4
168,179,Blake Calloway,TID,"SF,PF",75,23.7,3.8,7.9,0.484,2.2,2.9,0.768,1.1,10.5,4.7,2.3,0.9,0.6,0.7,4,3,3,3
174,166.8,Jonah Vexley,UMB,C,49,23.7,3.8,7,0.548,1.8,3,0.612,0.2,9.7,8.2,1.5,0.5,1.4,1.1,4,3,3,4
206,,Kellan Corvell,VIP,PG,80,21.6,2.5,5.7,0.439,1.2,1.4,0.896,1.2,7,2.8,3.1,0.7,0.1,1.6,3,3,4,4
114,112.4,Yuri Oakridge,WLD,PF,68,24.2,4.8,10,0.486,2.7,3.3,0.817,1,13,6,1.6,0.4,1.1,1.2,3,4,3,4
152,151.4,Pax Zeller,XEN,"SF,PF",70,23.5,4.1,8.3,0.495,1.4,1.6,0.855,1.2,10.3,5,2.2,0.7,0.4,1.3,3,4,4,4
146,146.4,Wes Ravensworth,YTI,C,79,24.7,4.4,7.7,0.564,2,3,0.684,0.2,10.9,7.4,1.6,0.6,1.4,1.2,4,3,3,3
215,,Milo Pembrook,ZEP,C,72,20.4,3.1,5.7,0.543,1.7,2.7,0.654,0.2,8.1,6.2,1.5,0.4,1.5,1,3,3,4,4
131,136.6,Hollis Quill,ARC,SG,68,28.7,6.7,13.8,0.486,2.1,2.8,0.759,2.7,17.1,3.3,3.8,1,0.4,2.4,3,4,3,4
218,,Idris Birchwell,BOL,PF,74,23.7,2.9,6.9,0.42,1.4,1.8,0.792,1,7.9,5.2,1.6,0.6,0.8,0.9,4,4,3,3
207,,Ivo Everly,CRS,"SF,PF",80,19.2,3,6.4,0.474,1.4,2.1,0.669,0.6,7.8,4.4,1.5,0.5,0.5,0.7,3,3,3,4
125,119.5,Hugo Kestrel,DUN,PG,75,26.9,4.9,10.5,0.467,2.1,2.2,0.937,2.8,13.6,3.8,6.7,1.1,0.3,2.5,4,3,3,3
161,154.9,Avery Ashgrove,ALB,SG,51,26.2,5.6,13.3,0.419,2.9,4.1,0.72,2.3,15.6,3.6,3.5,1,0.3,1.6,4,4,3,4
184,177.4,Nico Ashgrove,BRV,PG,72,24.6,3.6,9.6,0.38,2,2.5,0.816,2.1,10.8,2.4,5.8,1,0.1,2,4,3,4,4
235,,Kade Abernet,CDR,C,71,23,3.6,6,0.603,1.7,2.4,0.715,0.2,9.1,7.6,1.6,0.5,1.4,1,4,4,3,4
155,135.7,Bram Birchwell,DLT,"PG,SG",70,23.4,3.9,8.5,0.454,2.8,3.2,0.878,1.4,11.5,2.4,5.3,0.6,0.2,2.2,3,4,3,3
99,103.5,Milo Fairbourne,EMB,SF,72,33,6.6,15.6,0.423,3,3.8,0.784,1.5,17.2,7.6,3.3,1.2,0.6,1.6,4,4,3,4
141,144.6,Kade Ashgrove,FRG,PG,56,22.9,3,6.4,0.47,1.6,1.9,0.842,2,8.9,2.9,4.9,1.4,0.2,1.7,4,4,4,3
130,134.7,Jalen Zeller,GLN,PF,52,25.6,4,7.8,0.509,1.5,2.1,0.733,1.4,10.2,5.3,1.5,0.6,0.7,1.4,3,4,4,3
170,168.2,Ivo Calloway,HVN,PG,69,21,3.4,7.9,0.437,1.6,2,0.817,1.8,9.7,2.5,5.3,0.8,0.3,1.5,4,4,4,3
202,,Hollis Garrow,IRN,SF,72,21.4,3.1,6.8,0.459,1.3,1.6,0.791,1.3,8.4,3.9,1.6,1,0.3,0.8,3,3,4,4
179,179.3,Marek Quill,JAD,SG,71,20.2,3.2,6.5,0.498,1.6,2.1,0.75,0.9,8.6,2.9,2.3,0.7,0.2,1,4,4,4,3
186,180.7,Jalen Northcott,KNG,"SF,PF",75,21.5,3.1,6.1,0.507,1.4,2,0.715,1.2,8.3,4.7,1.6,0.9,0.4,1.2,4,3,3,3
231,,Zane Ingram,LYX,C,78,17.2,2.6,4.5,0.581,1.4,2.5,0.577,0.2,6.7,5.3,1.2,0.4,0.7,0.9,4,3,4,4
142,140.1,Finn Calloway,MTR,SF,75,24.7,3.6,7.6,0.473,1.6,1.8,0.892,1,9.4,4,2.6,0.7,0.5,1.5,3,3,3,4
274,,Tate Yarrow,NOV,SG,68,16.4,2.8,6.6,0.433,1.6,2,0.829,1.1,8.1,2.6,2.1,0.3,0.2,0.8,4,3,4,4
151,148.7,Linus Underhill,ORC,"SF,PF",73,23.6,3.5,7.8,0.451,1.5,1.9,0.788,1.1,9.2,4.6,2.3,1.3,0.5,1,3,4,3,4
188,,Gage Birchwell,PHN,C,52,22.7,2.7,5,0.543,1.2,1.8,0.684,0.2,6.8,6.9,1.8,0.5,1.4,0.9,4,3,3,4
172,153.9,Bram Lockhart,QST,"SG,SF",80,20.9,4,8.9,0.452,1.7,2,0.865,1.5,10.7,2.8,2.7,0.5,0.3,0.9,4,4,3,3
183,170.4,Finn Stroud,RVR,"SG,SF",77,17.6,3,6.4,0.461,1,1.4,0.696,1.2,7.6,2.6,2.3,0.4,0.2,0.6,4,3,4,3
173,179.7,Lior Vexley,SUM,C,73,24.3,3.4,5.2,0.645,1.2,2,0.605,0.2,8.1,7.8,2,0.5,1.5,1.3,3,4,4,4
160,165.1,Kade Marlow,TID,"SG,SF",76,22.2,3.5,8.5,0.416,1.5,1.9,0.804,1.4,9.5,3,2.8,0.5,0.1,0.9,4,3,3,3
260,,Kade Dunmore,UMB,"PF,C",74,21.7,2.5,4.9,0.501,1.1,1.4,0.78,1,6.6,3.9,1.5,0.3,0.9,0.8,4,3,3,4
178,157.7,Zane Fairbourne,VIP,SF,74,19.6,2.7,5.6,0.477,1,1.2,0.845,0.7,6.8,4.1,1.9,0.7,0.4,1,3,3,4,4
133,129.3,Cam Thorne,WLD,"SG,SF",69,24.3,4.5,10,0.447,1.1,1.2,0.9,2.1,11.4,3.6,2.4,0.6,0.5,1.4,3,4,3,4
107,110.9,Niall Pembrook,XEN,C,53,30,5.1,8.7,0.588,2.5,3.6,0.688,0.3,12.8,10.4,2.4,0.6,1.7,1.7,3,4,4,4
201,,Cam Northcott,YTI,"SF,PF",45,24.7,3.6,7.2,0.498,1.4,1.9,0.738,1.2,9.2,4.8,2.3,0.7,0.6,1.2,4,3,3,3
162,171.1,Lior Jessop,ZEP,PF,75,22.4,4.1,8,0.506,2.6,3,0.852,1.2,11.4,5.4,1.7,0.6,0.9,1.2,3,3,4,4
256,,Hugo Quill,ARC,SG,80,22.4,3.9,7.9,0.493,1.4,1.9,0.757,1,9.8,2.9,2.1,0.7,0.4,1,3,4,3,4
185,185.8,Niall Jessop,BOL,PG,78,23.4,3.2,6.5,0.485,2.1,2.6,0.808,1.3,9.2,2.9,4.7,0.8,0.2,1.9,4,4,3,3
159,167.7,Eli Zeller,CRS,"PG,SG",74,26.3,4.8,10.6,0.453,3.2,3.4,0.94,2.2,14.2,3.4,7.1,0.9,0.4,2.5,3,3,3,4
261,,Ivo Pembrook,DUN,C,59,22.2,2.4,3.9,0.619,0.8,1.2,0.693,0.2,5.8,9.1,1.8,0.5,1.6,0.6,4,3,3,3
167,153.6,Lior Underhill,ALB,C,78,25.1,4.2,7.8,0.543,2.3,3.4,0.684,0.3,11,9.9,1.5,0.5,1.3,1.6,4,4,3,4
118,122.9,Ivo Ashgrove,BRV,"SF,PF",75,22,3.4,6.6,0.508,1.7,2.1,0.796,1.3,9.1,4.2,2.2,0.7,0.3,1.3,4,3,4,4
181,176.2,Lior Draven,CDR,"SG,SF",75,23.8,4.3,9.1,0.476,2.7,3,0.903,2.1,12.6,3.6,2.7,0.7,0.3,1.5,4,4,3,4
258,,Emeka Stroud,DLT,PG,52,22.2,3.1,6.8,0.453,1.4,1.7,0.799,1.1,8.3,2.7,4.9,0.7,0.3,1.3,3,4,3,3
180,179.3,Wes Garrow,EMB,SG,74,25.9,4.3,9.7,0.442,1.6,1.8,0.864,1.9,11.4,3,3,1.1,0.4,1.3,4,4,3,4
225,,Rowan Marlow,FRG,SG,70,21.9,3,6.6,0.457,2.1,2.5,0.82,1.4,9,2.8,2.7,0.6,0.3,1,4,4,4,3
127,136.7,Florian Calloway,GLN,SF,70,22.8,6.1,13.8,0.444,2.5,3.2,0.796,1.2,15.6,5.1,2.6,0.6,0.5,1.2,3,4,4,3
199,,Linus Calloway,HVN,"SG,SF",76,24.6,3.8,9.4,0.406,1.6,2,0.809,1.2,10,3.7,3.2,0.6,0.3,1.2,4,4,4,3
255,,Vance Everly,IRN,SF,44,22.3,3.7,7.1,0.521,1.6,1.9,0.808,1.4,9.7,4.2,2.1,0.8,0.3,1.2,3,3,4,4
249,,Dorian Northcott,JAD,"SF,PF",72,23.2,2.4,4.6,0.527,0.7,1.1,0.708,1.1,6.2,4,2.1,0.8,0.5,0.8,4,4,4,3
241,,Ansel Stroud,KNG,C,70,26.2,4.7,7.9,0.588,2.6,4.4,0.598,0.2,12.1,9.2,1.7,0.9,0.8,1.2,4,3,3,3
243,,Linus Lockhart,LYX,PF,76,18.2,2.2,4.5,0.478,0.8,0.9,0.849,0.6,5.5,4.5,1.3,0.4,0.6,0.6,4,3,4,4
187,176.3,Bram Marlow,MTR,"SG,SF",74,24.4,3.1,6.7,0.46,0.9,1.1,0.783,1.5,7.9,4.4,3.5,0.6,0.3,1,3,3,3,4
224,,Bram Dunmore,NOV,PG,75,21.2,3,7.7,0.395,1,1.3,0.753,1.3,7.9,2.7,4.6,1,0.2,1.4,4,3,4,4
182,191,Emeka Garrow,ORC,SF,76,21.4,3.2,6.4,0.491,1.5,1.9,0.759,0.9,8.4,4.3,2.3,0.7,0.4,0.9,3,4,3,4
237,,Vance Ingram,PHN,PG,74,23.2,3.5,7.7,0.451,0.9,1.2,0.771,1.4,8.7,2.2,5.4,1,0.2,2.2,4,3,3,4
120,120.2,Idris Thorne,QST,PG,74,25.7,6.4,15,0.429,3.7,4.3,0.855,2,17.9,3,8.1,0.9,0.2,2.2,4,4,3,3
220,,Zane Stroud,RVR,"SG,SF",67,23.9,3.5,7.7,0.452,1.8,2.4,0.767,1.1,9.5,2.6,3.2,0.6,0.3,1.4,4,3,4,3
197,,Nico Oakridge,SUM,C,71,19.1,3.3,5.5,0.596,0.9,1.5,0.643,0.2,7.6,6.3,1.2,0.5,1.3,1.1,3,4,4,4
190,188.4,Rowan Hartwell,TID,C,80,23.5,3.1,5.4,0.57,1.8,2.4,0.745,0.3,8.2,9.5,1.8,0.7,0.8,1,4,3,3,3
221,,Pax Wolcott,UMB,C,74,17.3,2.4,4.3,0.554,1.4,2,0.665,0.2,6.2,5.7,1.4,0.5,0.8,0.8,4,3,3,4
137,140.8,Yuri Fairbourne,VIP,C,74,24.9,3.5,5.9,0.592,2.1,3.6,0.595,0.3,9.3,8.1,1.8,0.4,1.1,1.2,3,3,4,4
279,,Dante Zeller,WLD,"PG,SG",75,17.1,2.2,5.1,0.431,1.1,1.3,0.835,0.7,6,2.2,2.3,0.7,0.2,0.7,3,4,3,4
194,194.9,Eli Corvell,XEN,PG,74,19.4,1.3,3.1,0.433,1.1,1.3,0.9,1.4,4.7,1.9,2.8,0.7,0.2,1.5,3,4,4,4
230,,Wes Kestrel,YTI,PG,73,19.3,1.4,3.2,0.45,1,1.2,0.814,1.4,4.8,1.8,4.2,0.7,0.1,1.7,4,3,3,3
189,,Jalen Yarrow,ZEP,C,71,23.7,3.8,6.5,0.585,2,3.3,0.624,0.2,9.8,9.1,1.6,0.6,1.3,1.3,3,3,4,4
219,,Yuri Lockhart,ARC,"PF,C",43,20.5,2.7,5.4,0.493,0.8,1,0.758,0.8,6.6,3.8,1.3,0.4,0.4,1,3,4,3,4
164,178.3,Cyrus Lockhart,BOL,SG,72,23.5,4.5,10.3,0.442,2.2,2.5,0.849,1.2,12,3.7,3,0.9,0.4,1.3,4,4,3,3
222,,Linus Oakridge,CRS,SF,74,24,2.9,6.2,0.47,1.3,1.6,0.828,1.3,7.9,4.1,2.2,1,0.4,1.4,3,3,3,4
271,,Nico Eastlake,DUN,PF,80,20.7,2.8,6.2,0.45,1.1,1.4,0.809,0.8,7.3,4.7,1.5,0.4,0.8,0.7,4,3,3,3
145,155,Blake Hartwell,ALB,PF,78,26.9,5.2,11,0.475,2.1,2.7,0.778,2,13.7,6.3,1.9,0.5,1.2,2,4,4,3,4
292,,Jalen Ravensworth,BRV,C,58,22.3,2.4,4.6,0.529,1.4,2.1,0.692,0.2,6.4,8.2,1.8,0.6,1.3,0.9,4,3,4,4
285,,Jalen Pembrook,CDR,SF,75,17.6,1.9,4,0.488,0.4,0.6,0.754,0.7,4.7,4.1,1.6,0.5,0.3,0.6,4,4,3,4
253,,Marek Marlow,DLT,SG,51,20.5,2.4,5.5,0.44,1.1,1.3,0.813,1,6.6,3.5,2.1,0.7,0.2,0.8,3,4,3,3
288,,Niall Draven,EMB,SF,77,16,2.2,4.5,0.48,0.6,0.8,0.763,0.5,5.2,2.4,1.7,0.5,0.3,0.5,4,4,3,4
268,,Jonah Oakridge,FRG,"SF,PF",76,20.1,2.6,5.4,0.47,1.3,2,0.671,1,7.1,3.5,1.8,0.8,0.5,0.8,4,4,4,3
245,,Linus Draven,GLN,SG,74,22.4,4.1,8,0.513,2.2,2.5,0.851,1,11,2.9,2.9,0.7,0.3,1.6,3,4,4,3
196,178.7,Gage Everly,HVN,SF,56,24.6,3.1,6.5,0.476,1.1,1.3,0.786,1.3,8,5.7,2,0.6,0.7,1.1,4,4,4,3
267,,Lior Blackwood,IRN,"PF,C",58,21.5,2.5,5.5,0.461,1.1,1.2,0.887,0.6,6.5,5.3,1.3,0.5,0.9,0.9,3,3,4,4
284,,Galen Eastlake,JAD,"SG,SF",80,23.2,2.5,5.7,0.448,1,1.3,0.781,1,6.7,2.3,2.9,0.9,0.5,0.7,4,4,4,3
270,,Kade Zeller,KNG,C,42,20.6,2.7,5,0.551,0.9,1.3,0.654,0.2,6.5,7.9,1.9,0.5,0.8,0.8,4,3,3,3
290,,Tate Quill,LYX,C,45,18.4,2.2,3.7,0.6,1.1,1.6,0.7,0.2,5.6,6.6,1.3,0.2,0.9,0.6,4,3,4,4
259,,Yuri Marlow,MTR,"PF,C",77,20.4,4.7,10.8,0.433,2.3,3.1,0.739,1.5,12.6,4.4,1.5,0.6,0.8,1.2,3,3,3,4
239,,Jonah Thorne,NOV,SF,77,20.7,3,6.1,0.49,1.8,2.3,0.769,1.1,8.4,4.3,1.8,0.6,0.4,0.8,4,3,4,4
223,,Pax Jessop,ORC,C,56,22.4,4.1,7.5,0.55,1.5,2.1,0.695,0.2,9.8,7.1,1.7,0.4,1.5,1.5,3,4,3,4
140,137.9,Soren Draven,PHN,SF,74,23.4,4.7,11.3,0.418,2.2,3.3,0.674,1.6,12.8,4.2,2,0.7,0.5,1.3,4,3,3,4
204,,Vance Fairbourne,QST,SG,52,19.6,2.2,4.8,0.464,0.6,0.8,0.829,0.8,5.6,2.6,2.3,0.7,0.3,1.1,4,4,3,3
217,,Zane Pembrook,RVR,SF,68,23.3,3.1,6.5,0.479,1.8,2.1,0.835,1.1,8.7,5,2.4,1.1,0.3,1.2,4,3,4,3
214,,Jonah Blackwood,SUM,"SF,PF",71,22,4.4,10.4,0.423,2.4,3.3,0.741,0.5,11.5,4.3,2.2,0.8,0.5,1.1,3,4,4,4
177,,Galen Vexley,TID,C,77,22.3,3,5,0.609,2.2,3.3,0.672,0.2,8.4,6.7,1.7,0.6,1.4,1.2,4,3,3,3
289,,Yuri Dunmore,UMB,PG,71,21.6,2.3,5.4,0.43,1.2,1.5,0.823,1.1,6.6,2.3,2.6,0.4,0.3,1,4,3,3,4
138,150.9,Tate Northcott,VIP,"SG,SF",72,24.8,4.1,8.3,0.499,1.8,2.3,0.772,1.4,10.9,3.3,2.8,0.9,0.3,1.2,3,3,4,4
266,,Blake Fairbourne,WLD,SG,72,20.8,3.4,7.8,0.431,0.7,0.8,0.865,1.2,8.2,2.7,2.2,0.5,0.3,0.9,3,4,3,4
192,191,Finn Northcott,XEN,SG,71,22.2,3.2,6.6,0.476,1.2,1.3,0.919,1.4,8.3,3.1,2.4,0.8,0.3,1,3,4,4,4
281,,Wes Vexley,YTI,"SF,PF",51,18.8,2.9,6.4,0.455,1.2,1.6,0.725,1.1,7.7,3.7,1.6,0.4,0.4,1,4,3,3,3
278,,Idris Abernet,ZEP,SF,70,17.6,1.6,3.5,0.46,0.9,1.3,0.689,0.4,4.4,4,1.6,0.5,0.4,0.4,3,3,4,4
248,,Marek Thorne,ARC,"PF,C",72,19.6,3.7,7.5,0.489,1.6,2,0.817,1.4,9.8,4.4,1.4,0.5,0.5,1,3,4,3,4
171,180.5,Milo Marlow,BOL,PF,73,22.5,2.8,6.2,0.453,1.5,1.9,0.796,0.9,7.7,4.6,1.4,0.3,0.7,1,4,4,3,3
200,,Marek Blackwood,CRS,PF,71,19.8,2.3,4.4,0.532,1,1.1,0.924,0.8,6.2,5,1.5,0.3,0.9,0.9,3,3,3,4
143,144.8,Wes Oakridge,DUN,"SG,SF",70,25.2,4.4,11.7,0.38,2.1,2.6,0.806,2.1,12.4,3.8,3.7,0.9,0.1,1.6,4,3,3,3
227,,Ansel Lockhart,ALB,C,74,23.1,2.4,4.3,0.561,1.4,1.8,0.747,0.2,6.3,7.2,1.6,0.4,0.8,1,4,4,3,4
251,,Orin Garrow,BRV,"PF,C",69,21.7,2.4,4.8,0.512,1.2,1.4,0.832,1,6.6,4,1.7,0.4,0.5,1,4,3,4,4
210,,Ulises Ingram,CDR,PG,69,20.8,3.7,7.9,0.469,2,2.1,0.923,1.5,10.4,2.6,3.9,0.8,0.2,1.8,4,4,3,4
277,,Kade Lockhart,DLT,"SG,SF",71,15.8,1.7,3.7,0.45,0.9,1.1,0.865,0.6,4.6,2.4,1.6,0.5,0.2,0.8,3,4,3,3
299,,Dante Dunmore,EMB,SG,79,15.4,2,4.5,0.449,0.9,1.2,0.807,0.8,5.5,1.7,2,0.3,0.2,0.6,4,4,3,4
233,,Avery Quill,FRG,C,72,22.5,2.8,4.6,0.616,1.4,2.2,0.641,0.3,7.2,7.7,1.7,0.5,1.4,1,4,4,4,3
226,,Kade Ingram,GLN,C,56,24.5,2.9,4.6,0.626,1.7,2.4,0.689,0.2,7.5,10.3,2,0.6,1.2,0.9,3,4,4,3
154,172.9,Hollis Wolcott,HVN,C,56,24.6,3.7,6.1,0.599,2.2,3.6,0.605,0.2,9.6,8,1.9,0.6,1,0.9,4,4,4,3
156,163,Jalen Ingram,IRN,"SF,PF",78,22.7,4.9,10.4,0.472,1.9,2.3,0.805,0.9,12.2,4.7,1.9,0.5,0.5,0.9,3,3,4,4
234,,Quincy Kestrel,JAD,C,74,20.7,2,3.5,0.583,1,1.6,0.643,0.2,5.2,8,1.9,0.5,1.3,1,4,4,4,3
247,,Zane Calloway,KNG,"PG,SG",54,21.5,3.8,7.6,0.492,1.5,1.9,0.806,1.6,10,3.2,5.1,0.8,0.2,1.9,4,3,3,3
276,,Zane Ravensworth,LYX,C,52,17.4,2.9,5.4,0.531,1.7,2.6,0.648,0.1,7.5,4.5,1.3,0.5,0.9,0.7,4,3,4,4
236,,Bram Eastlake,MTR,"PG,SG",78,20.8,2.6,5.2,0.493,1.6,1.9,0.825,1.7,7.7,2.4,4.2,0.9,0.3,1.5,3,3,3,4
157,141.5,Ulises Vexley,NOV,PG,73,29.1,5,12.3,0.405,1.6,1.7,0.927,2,12.9,3.3,6.1,1.1,0.2,1.6,4,3,4,4
229,,Xander Eastlake,ORC,"SG,SF",73,22.6,3.9,7.6,0.511,2.2,2.6,0.846,1.6,10.9,3.4,2.7,0.5,0.2,1,3,4,3,4
264,,Milo Stroud,PHN,PF,74,19.4,3.1,5.7,0.545,1.5,2,0.775,0.8,8.2,4.8,1.4,0.5,0.6,0.9,4,3,3,4
295,,Quincy Lockhart,QST,PF,72,20.6,2.3,5,0.462,1.8,2.2,0.802,0.8,6.9,4.7,1.5,0.5,1.1,0.8,4,4,3,3
175,151.3,Eli Fairbourne,RVR,C,75,24.4,2.9,4.7,0.618,1.3,1.9,0.675,0.3,7.2,10.2,1.7,0.6,1.8,1.1,4,3,4,3
300,,Kellan Fairbourne,SUM,"SF,PF",76,17.8,3.6,8.2,0.442,2.2,2.7,0.827,0.9,10.1,3.5,1.6,0.4,0.2,1,3,4,4,4
257,,Gage Stroud,TID,"PF,C",72,22.4,3.1,6.3,0.496,1.3,1.7,0.773,0.9,8.1,5,1.6,0.5,1,1,4,3,3,3
286,,Gage Marlow,UMB,"PF,C",74,19.5,2.4,5.8,0.418,1.2,1.5,0.826,0.9,6.6,4.8,1.3,0.5,0.5,0.4,4,3,3,4
252,,Marek Fairbourne,VIP,C,70,19.4,2.5,4.4,0.576,1.1,1.9,0.561,0.2,6.3,5.7,1.9,0.4,1,0.7,3,3,4,4
213,,Xander Jessop,WLD,PG,45,20,2,4.9,0.416,1.3,1.5,0.847,1.1,6.1,2.2,2.7,0.6,0.2,1,3,4,3,4
297,,Florian Lockhart,XEN,C,78,17.1,2.3,4.4,0.522,1.5,2,0.737,0.2,6.2,6,1,0.3,0.8,0.8,3,4,4,4
113,122.1,Yuri Abernet,YTI,PF,74,24.3,3.4,7,0.479,1.6,1.9,0.84,1.2,9.1,6.1,1.7,0.6,0.8,1.4,4,3,3,3
191,,Jalen Marlow,ZEP,PG,79,18.8,2.5,5.7,0.44,0.8,0.9,0.908,1.1,6.6,2.4,3.5,0.8,0.2,1.1,3,3,4,4
139,145.8,Kellan Abernet,ARC,"SF,PF",69,23,3.3,7.4,0.445,1.7,2.1,0.807,0.9,8.9,3.8,2,0.3,0.5,1,3,4,3,4
203,,Rowan Oakridge,BOL,SG,73,24,3.1,6.5,0.481,1.2,1.4,0.833,1.5,8.4,3.3,3.5,0.6,0.4,1,4,4,3,3
242,,Emeka Yarrow,CRS,C,67,18.8,2.6,4.4,0.586,1.3,2,0.661,0.1,6.5,7.2,1.6,0.4,0.7,0.7,3,3,3,4
240,,Ulises Corvell,DUN,SF,48,20.1,2.1,4.6,0.457,0.9,1.2,0.759,0.6,5.5,3.9,2.2,0.5,0.5,0.6,4,3,3,3
205,,Nico Fairbourne,ALB,C,74,23.8,2.8,5,0.558,1.7,2.5,0.679,0.2,7.4,7.8,1.8,0.8,1.4,0.9,4,4,3,4
275,,Tate Fairbourne,BRV,PG,76,20.3,2.2,4.9,0.457,1.1,1.3,0.866,0.5,5.9,2.4,3.4,0.7,0.1,1.4,4,3,4,4
293,,Blake Ravensworth,CDR,C,73,19.5,2.3,3.9,0.6,0.9,1.4,0.635,0.2,5.6,6.5,1.4,0.6,1,0.8,4,4,3,4
298,,Dorian Jessop,DLT,PF,74,20,2.6,5,0.517,1.1,1.5,0.772,0.7,6.7,4.3,1.4,0.3,0.9,0.8,3,4,3,3
232,,Cam Draven,EMB,C,75,21.5,2.9,5.2,0.569,1.6,2.5,0.652,0.1,7.5,5.5,1.1,0.5,0.9,1.2,4,4,3,4
294,,Linus Birchwell,FRG,"PF,C",69,20.6,2.3,5.1,0.445,1.1,1.3,0.85,0.5,6.1,4.2,1.4,0.3,0.5,0.7,4,4,4,3
244,,Finn Eastlake,GLN,C,74,20,3.2,5.2,0.621,1.4,2.2,0.642,0.2,7.9,7.3,1.4,0.5,1.5,1.1,3,4,4,3
195,,Eli Garrow,HVN,SF,75,25.2,5.3,11.1,0.476,1.7,2.1,0.796,1.6,13.2,4,2.1,0.7,0.4,1.4,4,4,4,3
262,,Dante Garrow,IRN,PF,75,19.6,3.3,7.9,0.413,1.3,1.6,0.793,1,8.5,4.2,1.2,0.5,0.5,0.8,3,3,4,4
254,,Idris Oakridge,JAD,SF,50,21.6,2.9,7.2,0.407,1.8,2.6,0.707,1.1,8.4,4.1,1.7,1,0.6,1,4,4,4,3
216,,Marek Kestrel,KNG,"PF,C",80,19.6,3,6.2,0.486,1.9,2.3,0.818,0.8,8.4,5.2,1.4,0.6,0.9,0.8,4,3,3,3
296,,Niall Dunmore,LYX,SG,73,19.2,3.6,7.5,0.477,2,2.3,0.87,1.2,9.8,2.2,2.4,0.6,0.3,1.2,4,3,4,4
287,,Linus Ashgrove,MTR,SF,80,16.7,1.2,2.6,0.466,0.4,0.6,0.789,0.6,3.2,2.8,1.5,0.8,0.4,0.5,3,3,3,4
228,,Ivo Wolcott,NOV,"PG,SG",47,18.3,2.1,4.2,0.508,1,1.2,0.861,1.2,6,2.6,3.2,0.6,0.2,1,4,3,4,4
272,,Vance Jessop,ORC,SF,74,22,2.2,4.3,0.514,1.4,2,0.696,0.9,6.4,4.2,2.1,0.6,0.4,1,3,4,3,4
269,,Blake Stroud,PHN,"PG,SG",71,19.8,2,5,0.406,1.2,1.6,0.8,0.6,5.7,2.7,2.7,0.9,0.2,1,4,3,3,4
282,,Wes Marlow,QST,SF,74,21,2.5,5,0.488,1.7,2.1,0.795,0.6,7,3.3,2,0.8,0.6,0.9,4,4,3,3
291,,Cyrus Ravensworth,RVR,"PG,SG",77,17.2,1.7,4.2,0.416,0.8,1,0.814,0.7,4.7,2.1,2.2,0.6,0.2,0.9,4,3,4,3
273,,Hugo Draven,SUM,SG,73,19.5,2.1,4.4,0.479,1.3,1.6,0.822,1.1,6.2,2.3,2.3,0.8,0.2,1,3,4,4,4
283,,Emeka Pembrook,TID,C,73,18.1,1.7,3,0.584,1.1,1.6,0.661,0.1,4.6,8.4,1.2,0.5,1.2,0.7,4,3,3,3
265,,Hollis Pembrook,UMB,SF,73,21.8,2.9,6.2,0.472,1.3,1.6,0.834,1.2,7.9,3.6,1.7,0.7,0.5,0.8,4,3,3,4
208,,Eli Wolcott,VIP,"SG,SF",72,21.8,3.9,8.9,0.441,1.2,1.6,0.773,0.9,9.6,2.9,2.4,0.7,0.4,1,3,3,4,4
280,,Florian Quill,WLD,PG,77,17.2,2.7,5.9,0.459,1.3,1.5,0.866,0.9,7.3,2.2,2.2,0.6,0.1,1.4,3,4,3,4
212,,Pax Northcott,XEN,SF,69,16.6,1.1,2.3,0.481,0.6,0.7,0.752,0.6,3.1,2.8,1.9,0.8,0.2,0.4,3,4,4,4
263,,Vance Ashgrove,YTI,PF,74,21.5,3,6.2,0.482,1.6,1.8,0.862,0.8,8.1,5,1.4,0.6,0.5,1.1,4,3,3,3
163,183.2,Orin Everly,ZEP,PG,78,23.6,3.2,6.9,0.465,1.9,2.3,0.834,1.5,9.2,2.5,4.2,1,0.2,1.3,3,3,4,4
193,,Blake Yarrow,ARC,C,45,20.8,3.1,5.2,0.587,2.2,3.5,0.643,0.2,8.5,8,1.3,0.4,1.2,0.9,3,4,3,4
209,,Orin Underhill,BOL,PF,80,21.9,3.5,7,0.504,2,2.6,0.766,0.9,9.5,6,1.7,0.4,1.1,0.8,4,4,3,3
166,159.7,Hollis Thorne,CRS,C,75,22.4,2.8,4.9,0.573,1.4,2.5,0.585,0.2,7.2,5.2,1.6,0.5,1.5,1,3,3,3,4
250,,Ulises Eastlake,DUN,SF,77,20.4,3.6,7.5,0.487,1.8,2.6,0.688,0.8,9.6,3.8,2,0.6,0.5,1.3,4,3,3,3
