Player,Team,Pos,Yahoo ID,XRank,Rank,Last 7 Days ADP,Status
Kade Birchwell,ALB,PF,ySMP0001,2,3,10.8,
Vance Yarrow,BRV,"PF,C",ySMP0002,7,13,5.8,
Ulises Zeller,CDR,"SG,SF",ySMP0003,5,1,8.5,
Gage Ashgrove,DLT,"SG,SF",ySMP0004,14,10,3.6,
Tate Oakridge,EMB,SF,ySMP0005,8,4,12.5,
Cam Ashgrove,FRG,PF,ySMP0006,6,8,7,
Avery Fairbourne,GLN,"SF,PF",ySMP0007,15,15,18.5,
Milo Zeller,HVN,PG,ySMP0008,12,23,16.4,
Jonah Northcott,IRN,"SG,SF",ySMP0009,1,2,2.4,
Tate Dunmore,JAD,PG,ySMP0010,17,19,24.9,
Quincy Yarrow,KNG,SF,ySMP0011,3,12,3.8,
Cyrus Pembrook,LYX,SG,ySMP0012,9,31,13.7,
Wes Quill,MTR,"PF,C",ySMP0013,29,7,9.9,
Eli Vexley,NOV,PG,ySMP0014,21,22,21.8,
Avery Lockhart,ORC,"PF,C",ySMP0015,28,35,27.5,GTD
Idris Lockhart,PHN,"SF,PF",ySMP0016,18,18,28.2,
Florian Ingram,QST,C,ySMP0017,16,9,9.8,
Hollis Underhill,RVR,"PG,SG",ySMP0018,11,14,14.5,
Hugo Corvell,SUM,PG,ySMP0019,13,20,24.6,
Marek Oakridge,TID,C,ySMP0020,23,11,17.4,
Rowan Garrow,UMB,"PF,C",ySMP0021,19,45,32.4,
Niall Northcott,VIP,"PF,C",ySMP0022,40,39,35.5,
Quincy Calloway,WLD,PG,ySMP0023,4,21,4.3,
Kellan Lockhart,XEN,PG,ySMP0024,36,34,37.7,
Ulises Birchwell,YTI,"PF,C",ySMP0025,33,42,33.3,
Hugo Ravensworth,ZEP,C,ySMP0026,25,17,23.8,
Milo Ashgrove,ARC,C,ySMP0027,20,29,32.9,
Cyrus Ingram,BOL,"SG,SF",ySMP0028,54,55,38.6,
Zane Blackwood,CRS,"SG,SF",ySMP0029,43,28,42.3,
Ulises Pembrook,DUN,PF,ySMP0030,10,6,14.6,
Dorian Garrow,ALB,SG,ySMP0031,42,30,38.6,
Finn Abernet,BRV,"SF,PF",ySMP0032,26,36,19.2,
Marek Birchwell,CDR,PG,ySMP0033,46,53,52.6,
Hugo Yarrow,DLT,SG,ySMP0034,44,46,45.2,GTD
Hollis Fairbourne,EMB,SG,ySMP0035,24,37,18.3,
Emeka Blackwood,FRG,C,ySMP0036,41,5,35.1,
Soren Yarrow,GLN,"SF,PF",ySMP0037,30,24,22.6,
Yuri Calloway,HVN,PF,ySMP0038,37,44,45.9,
Kellan Oakridge,IRN,"SF,PF",ySMP0039,22,26,29.5,
Linus Eastlake,JAD,C,ySMP0040,35,43,49.2,
Orin Hartwell,KNG,SG,ySMP0041,27,33,35.4,
Dorian Vexley,LYX,"SG,SF",ySMP0042,32,49,53.9,
Quincy Fairbourne,MTR,PG,ySMP0043,51,27,40.3,
Lior Everly,NOV,"PF,C",ySMP0044,38,25,28.6,GTD
Soren Northcott,ORC,C,ySMP0045,50,40,54.3,
Milo Northcott,PHN,PF,ySMP0046,52,38,68.1,
Gage Draven,QST,C,ySMP0047,56,48,55.6,
Dorian Underhill,RVR,"SG,SF",ySMP0048,60,74,66.2,
Orin Wolcott,SUM,"SG,SF",ySMP0049,59,41,46,
Yuri Ravensworth,TID,"SG,SF",ySMP0050,39,51,52.2,
Dante Quill,UMB,PF,ySMP0051,57,60,47,
Soren Blackwood,VIP,C,ySMP0052,58,50,49.6,
Galen Stroud,WLD,SF,ySMP0053,49,47,64.9,
Florian Pembrook,XEN,SG,ySMP0054,72,63,82.6,
Orin Ravensworth,YTI,"SF,PF",ySMP0055,53,59,72.6,
Ulises Thorne,ZEP,"PF,C",ySMP0056,34,62,42,
Finn Wolcott,ARC,"PF,C",ySMP0057,48,52,57,
Finn Marlow,BOL,PF,ySMP0058,47,57,67.6,
Florian Ravensworth,CRS,"SF,PF",ySMP0059,63,72,57.2,
Galen Calloway,DUN,C,ySMP0060,84,78,78.1,
Wes Birchwell,ALB,PG,ySMP0061,45,32,27.1,
Soren Marlow,BRV,SG,ySMP0062,62,56,59.5,INJ
Bram Pembrook,CDR,"SG,SF",ySMP0063,75,71,56.4,
Gage Abernet,DLT,"PG,SG",ySMP0064,85,93,94,
Finn Pembrook,EMB,C,ySMP0065,79,69,75.2,
Soren Wolcott,FRG,"PF,C",ySMP0066,76,66,78.3,INJ
Yuri Eastlake,GLN,"SF,PF",ySMP0067,114,102,113.4,
Tate Marlow,HVN,"SG,SF",ySMP0068,31,16,43.4,
Dante Ashgrove,IRN,SG,ySMP0069,80,77,66.7,GTD
Quincy Zeller,JAD,"PF,C",ySMP0070,70,65,49.4,
Linus Blackwood,KNG,PF,ySMP0071,96,92,91.4,
Marek Stroud,LYX,"PF,C",ySMP0072,64,81,61.4,
Idris Underhill,MTR,"SF,PF",ySMP0073,71,75,87.1,
Dorian Eastlake,NOV,PG,ySMP0074,67,80,61.9,GTD
Rowan Calloway,ORC,"SF,PF",ySMP0075,86,88,94.9,
Ivo Yarrow,PHN,PG,ySMP0076,110,105,93.3,
Quincy Marlow,QST,C,ySMP0077,61,73,70.2,
Wes Calloway,RVR,"SF,PF",ySMP0078,65,67,65.2,
Xander Blackwood,SUM,SF,ySMP0079,66,70,74.2,
Cam Garrow,TID,C,ySMP0080,91,61,91.9,
Hugo Lockhart,UMB,"SG,SF",ySMP0081,69,76,82.3,
Florian Yarrow,VIP,"PG,SG",ySMP0082,81,103,86.5,
Linus Fairbourne,WLD,SG,ySMP0083,93,84,79.4,
Niall Abernet,XEN,PG,ySMP0084,68,87,86.2,INJ
Kade Draven,YTI,C,ySMP0085,55,91,67,
Finn Oakridge,ZEP,PF,ySMP0086,109,117,101.1,INJ
Quincy Corvell,ARC,C,ySMP0087,74,64,59.9,
Soren Fairbourne,BOL,SF,ySMP0088,118,131,110.1,
Galen Abernet,CRS,SF,ySMP0089,78,83,69.9,
Kade Wolcott,DUN,PG,ySMP0090,73,54,75.1,
Gage Fairbourne,ALB,SF,ySMP0091,77,58,83.4,
Emeka Jessop,BRV,"PG,SG",ySMP0092,105,126,120.6,
Rowan Eastlake,CDR,PG,ySMP0093,159,184,167.1,
Pax Underhill,DLT,"PF,C",ySMP0094,88,100,85.9,
Emeka Corvell,EMB,SG,ySMP0095,107,97,97.4,
Idris Fairbourne,FRG,"PG,SG",ySMP0096,99,114,104.9,
Gage Northcott,GLN,"SG,SF",ySMP0097,101,116,111.5,
Wes Ingram,HVN,C,ySMP0098,87,85,80.1,
Eli Birchwell,IRN,PG,ySMP0099,82,79,89.2,
Quincy Eastlake,JAD,"PG,SG",ySMP0100,95,99,99,
Nico Dunmore,KNG,"PF,C",ySMP0101,188,152,180.5,
Emeka Kestrel,LYX,"PF,C",ySMP0102,83,68,72.9,
Bram Hartwell,MTR,C,ySMP0103,143,132,125.1,
Galen Quill,NOV,SF,ySMP0104,124,112,123.1,
Idris Pembrook,ORC,SG,ySMP0105,113,106,97,
Linus Everly,PHN,SG,ySMP0106,106,134,118.3,
Zane Jessop,QST,PG,ySMP0107,128,115,140.6,
Dorian Fairbourne,RVR,SG,ySMP0108,103,89,82.1,
Florian Stroud,SUM,"SG,SF",ySMP0109,90,86,96.7,
Ansel Pembrook,TID,PF,ySMP0110,115,96,106.2,
Eli Thorne,UMB,PF,ySMP0111,92,82,90.5,
Ivo Vexley,VIP,"PF,C",ySMP0112,104,101,110.8,
Kellan Calloway,WLD,"SG,SF",ySMP0113,155,180,154.8,
Orin Abernet,XEN,"PG,SG",ySMP0114,94,90,100.9,
Hollis Northcott,YTI,"PF,C",ySMP0115,119,147,109.3,
Rowan Northcott,ZEP,"PF,C",ySMP0116,158,148,158.9,
Kade Stroud,ARC,PG,ySMP0117,129,123,129,GTD
Orin Northcott,BOL,"SG,SF",ySMP0118,131,142,137.4,
Xander Stroud,CRS,"SG,SF",ySMP0119,126,120,115.7,
Jonah Ingram,DUN,"PF,C",ySMP0120,102,95,103.4,
Blake Blackwood,ALB,"SG,SF",ySMP0121,116,107,114.5,
Hugo Zeller,BRV,SF,ySMP0122,153,161,153.8,GTD
Orin Jessop,CDR,SF,ySMP0123,232,248,,
Zane Wolcott,DLT,"SG,SF",ySMP0124,139,127,133,
Eli Underhill,EMB,"SG,SF",ySMP0125,135,139,142.1,
Ulises Marlow,FRG,SF,ySMP0126,138,150,146.2,
Eli Ravensworth,GLN,C,ySMP0127,162,157,161.2,
Idris Yarrow,HVN,"PG,SG",ySMP0128,216,207,,
Yuri Ingram,IRN,PG,ySMP0129,108,129,134.3,
Eli Quill,JAD,C,ySMP0130,182,174,173.7,
Finn Ravensworth,KNG,PG,ySMP0131,117,110,114.1,
Vance Calloway,LYX,PF,ySMP0132,146,151,159.6,
Niall Corvell,MTR,"PG,SG",ySMP0133,112,113,118.2,
Eli Eastlake,NOV,"PG,SG",ySMP0134,98,104,108,
Wes Stroud,ORC,"SG,SF",ySMP0135,253,242,,
Bram Wolcott,PHN,SF,ySMP0136,134,124,118.2,
Hugo Calloway,QST,PF,ySMP0137,149,144,129.8,
Orin Eastlake,RVR,"PF,C",ySMP0138,205,200,,
Cam Wolcott,SUM,"PF,C",ySMP0139,125,125,123,
Blake Calloway,TID,"SF,PF",ySMP0140,179,165,178.6,
Jonah Vexley,UMB,C,ySMP0141,178,170,171.7,INJ
Kellan Corvell,VIP,PG,ySMP0142,196,216,,
Yuri Oakridge,WLD,PF,ySMP0143,100,94,106.6,
Pax Zeller,XEN,"SF,PF",ySMP0144,152,160,152.6,
Wes Ravensworth,YTI,C,ySMP0145,151,130,146.6,
Milo Pembrook,ZEP,C,ySMP0146,228,218,,
Hollis Quill,ARC,SG,ySMP0147,120,155,137.8,
Idris Birchwell,BOL,PF,ySMP0148,204,245,,
Ivo Everly,CRS,"SF,PF",ySMP0149,210,233,,
Hugo Kestrel,DUN,PG,ySMP0150,111,98,120.9,
Avery Ashgrove,ALB,SG,ySMP0151,157,159,163.2,GTD
Nico Ashgrove,BRV,PG,ySMP0152,185,203,178.3,
Kade Abernet,CDR,C,ySMP0153,225,225,,
Bram Birchwell,DLT,"PG,SG",ySMP0154,142,119,139.4,
Milo Fairbourne,EMB,SF,ySMP0155,89,109,101.5,
Kade Ashgrove,FRG,PG,ySMP0156,148,128,142.8,INJ
Jalen Zeller,GLN,PF,ySMP0157,144,136,134.5,GTD
Ivo Calloway,HVN,PG,ySMP0158,166,166,166.8,
Hollis Garrow,IRN,SF,ySMP0159,211,214,,
Marek Quill,JAD,SG,ySMP0160,180,191,180.2,
Jalen Northcott,KNG,"SF,PF",ySMP0161,184,182,185.3,
Zane Ingram,LYX,C,ySMP0162,242,213,,
Finn Calloway,MTR,SF,ySMP0163,123,143,135.3,
Tate Yarrow,NOV,SG,ySMP0164,263,263,,
Linus Underhill,ORC,"SF,PF",ySMP0165,136,149,147.4,
Gage Birchwell,PHN,C,ySMP0166,186,199,,INJ
Bram Lockhart,QST,"SG,SF",ySMP0167,156,176,153,
Finn Stroud,RVR,"SG,SF",ySMP0168,164,181,169.5,
Lior Vexley,SUM,C,ySMP0169,170,164,175.5,
Kade Marlow,TID,"SG,SF",ySMP0170,168,162,163.9,
Kade Dunmore,UMB,"PF,C",ySMP0171,252,273,,
Zane Fairbourne,VIP,SF,ySMP0172,172,186,160.4,
Cam Thorne,WLD,"SG,SF",ySMP0173,137,122,127.4,
Niall Pembrook,XEN,C,ySMP0174,97,108,107,GTD
Cam Northcott,YTI,"SF,PF",ySMP0175,190,192,,INJ
Lior Jessop,ZEP,PF,ySMP0176,160,153,171.2,
Hugo Quill,ARC,SG,ySMP0177,250,230,,
Niall Jessop,BOL,PG,ySMP0178,175,172,183.6,
Eli Zeller,CRS,"PG,SG",ySMP0179,169,163,169,
Ivo Pembrook,DUN,C,ySMP0180,254,261,,
Lior Underhill,ALB,C,ySMP0181,161,158,157.4,
Ivo Ashgrove,BRV,"SF,PF",ySMP0182,122,111,126.5,
Lior Draven,CDR,"SG,SF",ySMP0183,191,189,172.7,
Emeka Stroud,DLT,PG,ySMP0184,251,226,,GTD
Wes Garrow,EMB,SG,ySMP0185,163,190,182.1,
Rowan Marlow,FRG,SG,ySMP0186,240,243,,
Florian Calloway,GLN,SF,ySMP0187,127,135,130.1,
Linus Calloway,HVN,"SG,SF",ySMP0188,194,204,,
Vance Everly,IRN,SF,ySMP0189,236,250,,INJ
Dorian Northcott,JAD,"SF,PF",ySMP0190,257,267,,
Ansel Stroud,KNG,C,ySMP0191,244,229,,
Linus Lockhart,LYX,PF,ySMP0192,233,239,,
Bram Marlow,MTR,"SG,SF",ySMP0193,181,173,187.6,
Bram Dunmore,NOV,PG,ySMP0194,220,232,,
Emeka Garrow,ORC,SF,ySMP0195,192,193,191.1,
Vance Ingram,PHN,PG,ySMP0196,238,220,,
Idris Thorne,QST,PG,ySMP0197,121,121,127.1,
Zane Stroud,RVR,"SG,SF",ySMP0198,226,249,,
Nico Oakridge,SUM,C,ySMP0199,215,221,,
Rowan Hartwell,TID,C,ySMP0200,187,183,188.4,
Pax Wolcott,UMB,C,ySMP0201,218,211,,
Yuri Fairbourne,VIP,C,ySMP0202,140,145,143.4,
Dante Zeller,WLD,"PG,SG",ySMP0203,278,280,,
Eli Corvell,XEN,PG,ySMP0204,201,185,191.1,
Wes Kestrel,YTI,PG,ySMP0205,212,198,,
Jalen Yarrow,ZEP,C,ySMP0206,183,168,,
Yuri Lockhart,ARC,"PF,C",ySMP0207,222,231,,INJ
Cyrus Lockhart,BOL,SG,ySMP0208,171,171,185.4,
Linus Oakridge,CRS,SF,ySMP0209,217,205,,
Nico Eastlake,DUN,PF,ySMP0210,276,293,,
Blake Hartwell,ALB,PF,ySMP0211,167,141,156.9,
Jalen Ravensworth,BRV,C,ySMP0212,282,277,,
Jalen Pembrook,CDR,SF,ySMP0213,300,286,,
Marek Marlow,DLT,SG,ySMP0214,267,279,,GTD
Niall Draven,EMB,SF,ySMP0215,288,297,,
Jonah Oakridge,FRG,"SF,PF",ySMP0216,268,269,,
Linus Draven,GLN,SG,ySMP0217,271,259,,
Gage Everly,HVN,SF,ySMP0218,176,167,177.8,
Lior Blackwood,IRN,"PF,C",ySMP0219,274,283,,
Galen Eastlake,JAD,"SG,SF",ySMP0220,273,291,,
Kade Zeller,KNG,C,ySMP0221,275,251,,INJ
Tate Quill,LYX,C,ySMP0222,290,296,,INJ
Yuri Marlow,MTR,"PF,C",ySMP0223,266,252,,
Jonah Thorne,NOV,SF,ySMP0224,223,222,,
Pax Jessop,ORC,C,ySMP0225,227,256,,INJ
Soren Draven,PHN,SF,ySMP0226,130,140,131,
Vance Fairbourne,QST,SG,ySMP0227,193,195,,
Zane Pembrook,RVR,SF,ySMP0228,213,217,,
Jonah Blackwood,SUM,"SF,PF",ySMP0229,231,235,,
Galen Vexley,TID,C,ySMP0230,197,197,,
Yuri Dunmore,UMB,PG,ySMP0231,289,295,,
Tate Northcott,VIP,"SG,SF",ySMP0232,141,146,149.1,
Blake Fairbourne,WLD,SG,ySMP0233,259,284,,
Finn Northcott,XEN,SG,ySMP0234,199,187,189.2,
Wes Vexley,YTI,"SF,PF",ySMP0235,277,268,,GTD
Idris Abernet,ZEP,SF,ySMP0236,286,265,,
Marek Thorne,ARC,"PF,C",ySMP0237,239,254,,
Milo Marlow,BOL,PF,ySMP0238,177,188,177.2,
Marek Blackwood,CRS,PF,ySMP0239,203,202,,
Wes Oakridge,DUN,"SG,SF",ySMP0240,145,137,149.6,
Ansel Lockhart,ALB,C,ySMP0241,230,237,,
Orin Garrow,BRV,"PF,C",ySMP0242,246,241,,
Ulises Ingram,CDR,PG,ySMP0243,200,194,,
Kade Lockhart,DLT,"SG,SF",ySMP0244,279,276,,
Dante Dunmore,EMB,SG,ySMP0245,299,299,,
Avery Quill,FRG,C,ySMP0246,234,228,,
Kade Ingram,GLN,C,ySMP0247,207,219,,GTD
Hollis Wolcott,HVN,C,ySMP0248,147,154,171.2,
Jalen Ingram,IRN,"SF,PF",ySMP0249,165,178,165.7,
Quincy Kestrel,JAD,C,ySMP0250,248,227,,
Zane Calloway,KNG,"PG,SG",ySMP0251,243,238,,GTD
Zane Ravensworth,LYX,C,ySMP0252,272,253,,
Bram Eastlake,MTR,"PG,SG",ySMP0253,224,234,,
Ulises Vexley,NOV,PG,ySMP0254,150,175,143.7,
Xander Eastlake,ORC,"SG,SF",ySMP0255,221,224,,
Milo Stroud,PHN,PF,ySMP0256,269,271,,
Quincy Lockhart,QST,PF,ySMP0257,293,292,,
Eli Fairbourne,RVR,C,ySMP0258,173,169,157.5,
Kellan Fairbourne,SUM,"SF,PF",ySMP0259,298,294,,
Gage Stroud,TID,"PF,C",ySMP0260,262,272,,
Gage Marlow,UMB,"PF,C",ySMP0261,291,290,,
Marek Fairbourne,VIP,C,ySMP0262,255,258,,
Xander Jessop,WLD,PG,ySMP0263,209,212,,INJ
Florian Lockhart,XEN,C,ySMP0264,294,298,,
Yuri Abernet,YTI,PF,ySMP0265,132,118,122.7,
Jalen Marlow,ZEP,PG,ySMP0266,214,206,,
Kellan Abernet,ARC,"SF,PF",ySMP0267,133,138,145.5,
Rowan Oakridge,BOL,SG,ySMP0268,195,208,,
Emeka Yarrow,CRS,C,ySMP0269,261,236,,
Ulises Corvell,DUN,SF,ySMP0270,256,260,,INJ
Nico Fairbourne,ALB,C,ySMP0271,206,209,,
Tate Fairbourne,BRV,PG,ySMP0272,249,262,,
Blake Ravensworth,CDR,C,ySMP0273,287,300,,
Dorian Jessop,DLT,PF,ySMP0274,281,275,,
Cam Draven,EMB,C,ySMP0275,237,210,,
Linus Birchwell,FRG,"PF,C",ySMP0276,297,287,,
Finn Eastlake,GLN,C,ySMP0277,229,247,,
Eli Garrow,HVN,SF,ySMP0278,202,196,,
Dante Garrow,IRN,PF,ySMP0279,260,244,,
Idris Oakridge,JAD,SF,ySMP0280,245,255,,
Marek Kestrel,KNG,"PF,C",ySMP0281,235,223,,
Niall Dunmore,LYX,SG,ySMP0282,296,281,,
Linus Ashgrove,MTR,SF,ySMP0283,295,266,,
Ivo Wolcott,NOV,"PG,SG",ySMP0284,241,240,,INJ
Vance Jessop,ORC,SF,ySMP0285,280,274,,
Blake Stroud,PHN,"PG,SG",ySMP0286,285,285,,
Wes Marlow,QST,SF,ySMP0287,292,289,,
Cyrus Ravensworth,RVR,"PG,SG",ySMP0288,284,288,,
Hugo Draven,SUM,SG,ySMP0289,264,257,,
Emeka Pembrook,TID,C,ySMP0290,270,278,,
Hollis Pembrook,UMB,SF,ySMP0291,258,264,,
Eli Wolcott,VIP,"SG,SF",ySMP0292,208,177,,
Florian Quill,WLD,PG,ySMP0293,283,270,,
Pax Northcott,XEN,SF,ySMP0294,198,201,,
Vance Ashgrove,YTI,PF,ySMP0295,265,282,,
Orin Everly,ZEP,PG,ySMP0296,174,156,182.9,
Blake Yarrow,ARC,C,ySMP0297,189,179,,INJ
Orin Underhill,BOL,PF,ySMP0298,219,215,,
Hollis Thorne,CRS,C,ySMP0299,154,133,157.3,
Ulises Eastlake,DUN,SF,ySMP0300,247,246,,
