Player,Team,Pos,Pre-Season Rank,GP*,FGM/A*,FG%,FTM/A*,FT%,3PTM,PTS,REB,AST,ST,BLK,TO,Stat Basis,Source,Captured At,Confidence,Review Fields,QA Note
Kade Birchwell,ALB,PF,2,76,866.6/1955.7,0.443,272.2/335.4,0.812,256.2,2170.8,646.5,218.4,78.1,91.5,173,TOTAL,yahoo_screenshot,2026-09-26T12:00:00Z,HIGH,,
Vance Yarrow,BRV,"PF,C",12,57,546.5/1150.2,0.475,255/301.3,0.846,226.8,1488.5,453.6,139.7,55.6,103.4,194.9,TOTAL,yahoo_screenshot,2026-09-26T12:00:00Z,HIGH,,
Ulises Zeller,CDR,"SG,SF",1,70,799.3/1783.7,0.448,405.9/538.7,0.753,468.6,2305.1,292.6,233.9,101.5,34.3,339.9,TOTAL,yahoo_screenshot,2026-09-26T12:00:00Z,HIGH,,
Gage Ashgrove,DLT,"SG,SF",5,76,866.5/1992.1,0.435,317/352.7,0.899,358.5,2283.8,417.2,283.8,97.5,29,267.7,TOTAL,yahoo_screenshot,2026-09-26T12:00:00Z,HIGH,,
Tate Oakridge,EMB,SF,4,78,998.4/2368.4,0.422,481.5/643.4,0.748,264.7,2653.6,730.7,274.1,128,45.3,205.7,TOTAL,yahoo_screenshot,2026-09-26T12:00:00Z,HIGH,,
Cam Ashgrove,FRG,PF,10,52,610.3/1227.7,0.497,280.2/368.5,0.76,203.5,1623.4,448.4,149.2,50.4,47.6,187,TOTAL,yahoo_screenshot,2026-09-26T12:00:00Z,HIGH,,
Avery Fairbourne,GLN,"SF,PF",30,80,1017.7/2128.6,0.478,191.7/242.6,0.79,333.2,2432.8,638.4,228.3,92,53.4,258.7,TOTAL,yahoo_screenshot,2026-09-26T12:00:00Z,HIGH,,
Milo Zeller,HVN,PG,16,79,771.2/1835,0.42,373.9/454.4,0.823,288.4,2107.7,389.6,944.9,84,40,457.6,TOTAL,yahoo_screenshot,2026-09-26T12:00:00Z,HIGH,,
Jonah Northcott,IRN,"SG,SF",6,73,731.2/1830,0.4,258.2/355.1,0.727,326.9,1943,409.6,334.2,72.4,40.6,238.2,TOTAL,yahoo_screenshot,2026-09-26T12:00:00Z,HIGH,,
Tate Dunmore,JAD,PG,11,70,799.6/1678.7,0.476,575.4/668.2,0.861,315.9,2370.2,267.9,1011.2,88,29.9,385.1,TOTAL,yahoo_screenshot,2026-09-26T12:00:00Z,HIGH,,
Quincy Yarrow,KNG,SF,3,70,700.8/1374.3,0.51,263.9/364.2,0.725,177.2,1770.3,402.3,317.1,94.8,72.8,236.4,TOTAL,yahoo_screenshot,2026-09-26T12:00:00Z,HIGH,,
Cyrus Pembrook,LYX,SG,19,76,592.9/1262.2,0.47,286.7/378.5,0.757,512.8,1792.7,392.2,326.4,113.3,43.4,232.9,TOTAL,yahoo_screenshot,2026-09-26T12:00:00Z,HIGH,,
Wes Quill,MTR,"PF,C",20,73,627.7/1242.9,0.505,256.3/326.2,0.786,217.9,1641.5,676.9,199.1,58.8,123.5,238.5,TOTAL,yahoo_screenshot,2026-09-26T12:00:00Z,HIGH,,
Eli Vexley,NOV,PG,14,74,689.6/1500.8,0.459,307.4/383,0.803,275.1,1860.6,310.7,1001,70.6,23,303.1,TOTAL,yahoo_screenshot,2026-09-26T12:00:00Z,HIGH,,
Avery Lockhart,ORC,"PF,C",26,59,382.3/747.3,0.512,196.4/249.4,0.787,168.4,1060.4,394.5,127.2,38.5,78.9,143.5,TOTAL,yahoo_screenshot,2026-09-26T12:00:00Z,HIGH,,
Idris Lockhart,PHN,"SF,PF",15,75,727.6/1578.7,0.461,215.5/274.7,0.784,252.2,1829.9,572.5,259,94.5,41.7,198.6,TOTAL,yahoo_screenshot,2026-09-26T12:00:00Z,HIGH,,
Florian Ingram,QST,C,8,79,680.5/1169.9,0.582,556.2/776.5,0.716,27.7,1932,980.8,243.8,62.2,171.1,299.4,TOTAL,yahoo_screenshot,2026-09-26T12:00:00Z,HIGH,,
Hollis Underhill,RVR,"PG,SG",7,79,576.6/1287.7,0.448,364.5/397,0.918,346.2,1739.9,326.5,1018.8,97.3,40,379,TOTAL,yahoo_screenshot,2026-09-26T12:00:00Z,HIGH,,
Hugo Corvell,SUM,PG,18,74,730.4/1521.2,0.48,345.8/425.2,0.813,314.8,2000.4,286.2,1025.8,148.1,20.1,297.2,TOTAL,yahoo_screenshot,2026-09-26T12:00:00Z,HIGH,,
Marek Oakridge,TID,C,9,69,811.7/1519.6,0.534,458.5/657.9,0.697,26.8,2097.2,906.2,178.8,48.4,118.4,222.6,TOTAL,yahoo_screenshot,2026-09-26T12:00:00Z,HIGH,,
Rowan Garrow,UMB,"PF,C",33,78,882.8/1728.2,0.511,516.3/720.4,0.717,212.3,2407.4,587.6,230.8,69.4,71.1,195.2,TOTAL,yahoo_screenshot,2026-09-26T12:00:00Z,HIGH,,
Niall Northcott,VIP,"PF,C",29,79,560.5/1219.7,0.46,429.5/511.6,0.84,312.7,1748.2,572.2,192.3,71.6,108.4,205.2,TOTAL,yahoo_screenshot,2026-09-26T12:00:00Z,HIGH,,
Quincy Calloway,WLD,PG,23,77,684.4/1534.3,0.446,477.6/545.3,0.876,314.5,2048.8,356.2,1026.4,137.2,19,329.1,TOTAL,yahoo_screenshot,2026-09-26T12:00:00Z,HIGH,,
Kellan Lockhart,XEN,PG,21,76,582.1/1331.9,0.437,359.7/452.9,0.794,360.5,1758.5,378.8,1096.7,100.2,28.1,234,TOTAL,yahoo_screenshot,2026-09-26T12:00:00Z,HIGH,,
Ulises Birchwell,YTI,"PF,C",31,74,494.6/953.8,0.519,267.6/334.8,0.799,240.4,1397.4,734,200.8,61.4,89.4,165.6,TOTAL,yahoo_screenshot,2026-09-26T12:00:00Z,HIGH,,
Hugo Ravensworth,ZEP,C,40,73,566.4/870.6,0.651,319.5/490.7,0.651,30,1466.7,747.1,177.5,40.5,109.1,202.9,TOTAL,yahoo_screenshot,2026-09-26T12:00:00Z,HIGH,,
Milo Ashgrove,ARC,C,22,73,690.9/1115.2,0.62,268.7/456.8,0.588,17.4,1659.2,943.7,151.3,54.3,134.8,186.7,TOTAL,yahoo_screenshot,2026-09-26T12:00:00Z,HIGH,,
Cyrus Ingram,BOL,"SG,SF",37,80,917.5/1898.7,0.483,511.7/560.3,0.913,358.6,2566.6,405.3,290.8,117.1,28.7,244,TOTAL,yahoo_screenshot,2026-09-26T12:00:00Z,HIGH,,
Zane Blackwood,CRS,"SG,SF",41,60,494.4/1048.7,0.471,276/356.2,0.775,177.1,1375.2,275.2,193.1,79.6,39,148.1,TOTAL,yahoo_screenshot,2026-09-26T12:00:00Z,HIGH,,
Ulises Pembrook,DUN,PF,13,72,663.3/1381.2,0.48,265.7/299.9,0.886,138.3,1677.4,542.7,172.3,76.9,89.7,204.2,TOTAL,yahoo_screenshot,2026-09-26T12:00:00Z,HIGH,,
Dorian Garrow,ALB,SG,34,72,559.5/1381.2,0.405,372.7/478.1,0.78,386.3,1752.8,427.6,365.9,64.1,31.2,250.3,TOTAL,yahoo_screenshot,2026-09-26T12:00:00Z,HIGH,,
Finn Abernet,BRV,"SF,PF",27,54,479.5/965.6,0.497,250.7/346.2,0.724,164,1308.5,440.3,177.4,61.5,39.4,195.1,TOTAL,yahoo_screenshot,2026-09-26T12:00:00Z,HIGH,,
Marek Birchwell,CDR,PG,47,70,756/1750.9,0.432,315.2/345.1,0.913,204.5,1961,258.6,720.9,92.3,27.9,266.4,TOTAL,yahoo_screenshot,2026-09-26T12:00:00Z,HIGH,,
Hugo Yarrow,DLT,SG,32,55,463.5/1028.2,0.451,217.5/271.4,0.801,215.1,1282,256.4,252.5,65.4,21.2,186.4,TOTAL,yahoo_screenshot,2026-09-26T12:00:00Z,HIGH,,
Hollis Fairbourne,EMB,SG,25,57,470.7/988.8,0.476,249.7/282.5,0.884,228.8,1332.8,276.5,271.3,61,19.8,177.9,TOTAL,yahoo_screenshot,2026-09-26T12:00:00Z,HIGH,,
Emeka Blackwood,FRG,C,35,73,820.8/1330.9,0.617,367.8/520.5,0.707,19.1,2019,749.1,215.5,64.4,123.3,245.4,TOTAL,yahoo_screenshot,2026-09-26T12:00:00Z,HIGH,,
Soren Yarrow,GLN,"SF,PF",17,73,358.1/749.1,0.478,279.8/371.6,0.753,168.6,1100,470.8,234,95.6,37,170.8,TOTAL,yahoo_screenshot,2026-09-26T12:00:00Z,HIGH,,
Yuri Calloway,HVN,PF,36,78,610/1411.6,0.432,191/264.7,0.722,197.2,1540.1,562.7,132.7,54.8,95.1,159.9,TOTAL,yahoo_screenshot,2026-09-26T12:00:00Z,HIGH,,
Kellan Oakridge,IRN,"SF,PF",24,74,704/1648.4,0.427,273.4/360.8,0.758,196.9,1811,572,261.2,76.5,57.7,267.2,TOTAL,yahoo_screenshot,2026-09-26T12:00:00Z,HIGH,,
Linus Eastlake,JAD,C,51,78,544.3/884,0.616,406.3/678.3,0.599,32,1511.2,1081,190.3,75.4,183.1,237.2,TOTAL,yahoo_screenshot,2026-09-26T12:00:00Z,HIGH,,
Orin Hartwell,KNG,SG,46,76,985.7/2077.9,0.474,289.6/357.9,0.809,408.2,2514.4,274.9,278.5,110.1,43,302.7,TOTAL,yahoo_screenshot,2026-09-26T12:00:00Z,HIGH,,
Dorian Vexley,LYX,"SG,SF",39,77,589.1/1439.6,0.409,308.9/385.8,0.801,230,1641.8,367.9,320.4,73.4,46.8,229.5,TOTAL,yahoo_screenshot,2026-09-26T12:00:00Z,HIGH,,
Quincy Fairbourne,MTR,PG,43,77,724.4/1633.3,0.444,380.6/430.7,0.884,300.6,2023.3,219.1,754.4,91.9,15.6,282.8,TOTAL,yahoo_screenshot,2026-09-26T12:00:00Z,HIGH,,
Lior Everly,NOV,"PF,C",28,49,467.7/1021.7,0.458,179.2/225.6,0.794,80.4,1165.5,394.3,136.5,37.9,75.3,132.3,TOTAL,yahoo_screenshot,2026-09-26T12:00:00Z,HIGH,,
Soren Northcott,ORC,C,45,75,608.5/1199.9,0.507,320.4/537.4,0.596,33,1557.1,1172.3,175,61,161.9,120.2,TOTAL,yahoo_screenshot,2026-09-26T12:00:00Z,HIGH,,
Milo Northcott,PHN,PF,64,74,455.7/896,0.509,235.6/286.9,0.821,126.1,1221.7,613.9,200.1,68.7,92.7,134.7,TOTAL,yahoo_screenshot,2026-09-26T12:00:00Z,HIGH,,
Gage Draven,QST,C,63,74,372/619.3,0.601,332.7/460.4,0.723,13,1083.4,807.3,169.5,65.2,50.1,161.6,TOTAL,yahoo_screenshot,2026-09-26T12:00:00Z,HIGH,,
Dorian Underhill,RVR,"SG,SF",59,70,422.3/904.4,0.467,233.1/280.5,0.831,242.3,1229.5,380.9,263.3,62.2,32,177.1,TOTAL,yahoo_screenshot,2026-09-26T12:00:00Z,HIGH,,
Orin Wolcott,SUM,"SG,SF",44,77,525.5/1123,0.468,212.8/251,0.848,325.5,1467.4,339.4,341.9,118.1,34.2,192,TOTAL,yahoo_screenshot,2026-09-26T12:00:00Z,HIGH,,
Yuri Ravensworth,TID,"SG,SF",50,71,777.5/1648.8,0.472,465.5/536,0.868,221.2,2158.2,355.3,321.7,73.9,35.5,187.9,TOTAL,yahoo_screenshot,2026-09-26T12:00:00Z,HIGH,,
Dante Quill,UMB,PF,56,70,467/939.9,0.497,198.3/252.2,0.786,122.3,1206,523.9,180.4,58,92.3,140.1,TOTAL,yahoo_screenshot,2026-09-26T12:00:00Z,HIGH,,
Soren Blackwood,VIP,C,53,75,552.1/1019.2,0.542,243.1/361.9,0.672,9.4,1352.7,919.9,145.5,60.3,82.2,162.6,TOTAL,yahoo_screenshot,2026-09-26T12:00:00Z,HIGH,,
Galen Stroud,WLD,SF,48,67,501.1/1076.1,0.466,313.3/379.4,0.826,171,1422.7,410,226.7,72.1,39.6,118.3,TOTAL,yahoo_screenshot,2026-09-26T12:00:00Z,HIGH,,
Florian Pembrook,XEN,SG,81,71,363.2/817.6,0.444,180.5/232.3,0.777,193.2,1031.5,275.6,136.2,78.2,31.9,140.1,TOTAL,yahoo_screenshot,2026-09-26T12:00:00Z,HIGH,,
Orin Ravensworth,YTI,"SF,PF",60,72,469.2/990.9,0.474,160.3/216.4,0.741,146.2,1189.5,485.8,212.2,99.7,46.3,119.8,TOTAL,yahoo_screenshot,2026-09-26T12:00:00Z,HIGH,,
Ulises Thorne,ZEP,"PF,C",49,74,416/866.2,0.48,233.5/280.7,0.832,169.1,1169.7,554,187.6,45.6,92.1,134.5,TOTAL,yahoo_screenshot,2026-09-26T12:00:00Z,HIGH,,
Finn Wolcott,ARC,"PF,C",58,68,551/1120.5,0.492,238.7/308.1,0.775,226.8,1478.4,496.9,163,49.2,50.3,178.8,TOTAL,yahoo_screenshot,2026-09-26T12:00:00Z,HIGH,,
Finn Marlow,BOL,PF,62,58,352.4/743.1,0.474,200/242.1,0.826,109.4,972.7,506.3,159.6,48.3,88.1,119.8,TOTAL,yahoo_screenshot,2026-09-26T12:00:00Z,HIGH,,
Florian Ravensworth,CRS,"SF,PF",67,78,562.3/1155.2,0.487,265.7/342.9,0.775,147.4,1480.2,461.2,200.8,110.2,59.8,187.8,TOTAL,yahoo_screenshot,2026-09-26T12:00:00Z,HIGH,,
Galen Calloway,DUN,C,79,74,414.7/763.3,0.543,238.2/360.7,0.66,22.1,1080.1,647.7,122.2,25.9,88.7,175.3,TOTAL,yahoo_screenshot,2026-09-26T12:00:00Z,HIGH,,
Wes Birchwell,ALB,PG,42,76,610.5/1307.3,0.467,356.9/418,0.854,204.9,1706.2,295.3,874.6,91.5,27.1,373.3,TOTAL,yahoo_screenshot,2026-09-26T12:00:00Z,HIGH,,
Soren Marlow,BRV,SG,52,45,443.9/982.9,0.452,170.1/220.9,0.77,145.2,1150.6,186.7,178.1,42,24.6,103.6,TOTAL,yahoo_screenshot,2026-09-26T12:00:00Z,HIGH,,
Bram Pembrook,CDR,"SG,SF",55,73,430.5/1132.8,0.38,156.7/181.9,0.861,271.3,1206.4,292.2,278.2,71.8,24.5,159.4,TOTAL,yahoo_screenshot,2026-09-26T12:00:00Z,HIGH,,
Gage Abernet,DLT,"PG,SG",92,71,288.9/544.8,0.53,228.2/278.9,0.818,161.1,898.8,213.2,530.4,76.2,18,183.1,TOTAL,yahoo_screenshot,2026-09-26T12:00:00Z,HIGH,,
Finn Pembrook,EMB,C,61,48,278.7/460.9,0.605,114.1/165.4,0.69,13.9,678.7,533.8,139,21.6,71.1,118.6,TOTAL,yahoo_screenshot,2026-09-26T12:00:00Z,HIGH,,
Soren Wolcott,FRG,"PF,C",71,45,181.1/410.3,0.441,91.7/109.2,0.84,71.2,499.9,271.3,79.9,18.4,40.5,46.2,TOTAL,yahoo_screenshot,2026-09-26T12:00:00Z,HIGH,,
Yuri Eastlake,GLN,"SF,PF",94,74,462.6/963.5,0.48,131.1/176,0.745,79.2,1105,413.6,170.3,82.1,27.7,103.2,TOTAL,yahoo_screenshot,2026-09-26T12:00:00Z,HIGH,,
Tate Marlow,HVN,"SG,SF",38,71,676.6/1517.4,0.446,399.5/491.3,0.813,243.4,1909.3,367.3,295.7,71.1,38.8,188.8,TOTAL,yahoo_screenshot,2026-09-26T12:00:00Z,HIGH,,
Dante Ashgrove,IRN,SG,70,54,348.1/793.5,0.439,173.2/215.2,0.805,199.7,999,249.1,173.5,64.2,17.3,126.2,TOTAL,yahoo_screenshot,2026-09-26T12:00:00Z,HIGH,,
Quincy Zeller,JAD,"PF,C",54,75,388.9/815.9,0.477,259.8/343.4,0.757,152.6,1131.9,548.1,142.8,41.5,66.3,128.5,TOTAL,yahoo_screenshot,2026-09-26T12:00:00Z,HIGH,,
Linus Blackwood,KNG,PF,85,72,316.7/677.8,0.467,161/177.3,0.908,74.2,840.9,510.4,127,29.6,33.2,98.7,TOTAL,yahoo_screenshot,2026-09-26T12:00:00Z,HIGH,,
Marek Stroud,LYX,"PF,C",75,78,470.8/979.1,0.481,277.5/343.6,0.808,184.4,1332.7,516.2,128.8,49.8,79,137.1,TOTAL,yahoo_screenshot,2026-09-26T12:00:00Z,HIGH,,
Idris Underhill,MTR,"SF,PF",86,72,400.8/836.5,0.479,180.4/223.7,0.806,152.8,1076.2,474.1,206.8,82.7,52,133.9,TOTAL,yahoo_screenshot,2026-09-26T12:00:00Z,HIGH,,
Dorian Eastlake,NOV,PG,57,51,414.8/1009.9,0.411,181.2/226.9,0.799,184.5,1134.6,218.4,556.9,53.6,17.6,249.8,TOTAL,yahoo_screenshot,2026-09-26T12:00:00Z,HIGH,,
Rowan Calloway,ORC,"SF,PF",74,74,451.1/1119.5,0.403,200.7/253.8,0.791,168.6,1217.1,393.7,216.1,56.3,68.7,127.7,TOTAL,yahoo_screenshot,2026-09-26T12:00:00Z,HIGH,,
Ivo Yarrow,PHN,PG,108,71,380.3/834.6,0.456,138.2/150.6,0.918,158.9,999.7,227,467.4,75.1,25.9,158.8,TOTAL,yahoo_screenshot,2026-09-26T12:00:00Z,HIGH,,
Quincy Marlow,QST,C,69,75,451.2/754,0.598,229.3/353.2,0.649,23.1,1143.8,757.8,145.6,52.3,82.7,144.3,TOTAL,yahoo_screenshot,2026-09-26T12:00:00Z,HIGH,,
Wes Calloway,RVR,"SF,PF",68,73,496.9/1089.7,0.456,240.8/321.8,0.748,171.2,1343.3,446.5,205.8,85.5,43.5,120.9,TOTAL,yahoo_screenshot,2026-09-26T12:00:00Z,HIGH,,
Xander Blackwood,SUM,SF,73,74,612.1/1432.4,0.427,170.5/269.7,0.632,109.6,1466.9,458.5,221.3,78.8,49.4,152.8,TOTAL,yahoo_screenshot,2026-09-26T12:00:00Z,HIGH,,
Cam Garrow,TID,C,95,73,407.7/656.5,0.621,209.9/332.4,0.631,19,1034.9,695.7,151.5,43.5,44.4,127.2,TOTAL,yahoo_screenshot,2026-09-26T12:00:00Z,HIGH,,
Hugo Lockhart,UMB,"SG,SF",84,71,450.4/1054.9,0.427,151.7/173.1,0.876,181.6,1172.1,286.1,191.9,67.6,28.3,117.7,TOTAL,yahoo_screenshot,2026-09-26T12:00:00Z,HIGH,,
Florian Yarrow,VIP,"PG,SG",88,76,364.8/804.8,0.453,371/403.3,0.92,161.1,1203.4,222.1,571.4,65.2,18.8,212.4,TOTAL,yahoo_screenshot,2026-09-26T12:00:00Z,HIGH,,
Linus Fairbourne,WLD,SG,87,72,471.6/961,0.491,269.6/331,0.815,181.9,1323.3,288.3,254.7,66.9,29.8,138,TOTAL,yahoo_screenshot,2026-09-26T12:00:00Z,HIGH,,
Niall Abernet,XEN,PG,78,48,338.1/700.1,0.483,138.1/168.5,0.82,102,877,158.2,323.2,64.5,8.3,231.7,TOTAL,yahoo_screenshot,2026-09-26T12:00:00Z,HIGH,,
Kade Draven,YTI,C,66,77,496.6/797.3,0.623,316/517.2,0.611,28.8,1323.7,886,117.7,57.7,154.9,160.8,TOTAL,yahoo_screenshot,2026-09-26T12:00:00Z,HIGH,,
Finn Oakridge,ZEP,PF,112,47,199/452.9,0.439,111.8/141.4,0.791,101.4,575.7,321.9,105.5,30.6,41.8,54.1,TOTAL,yahoo_screenshot,2026-09-26T12:00:00Z,HIGH,,
Quincy Corvell,ARC,C,65,74,357.3/617.3,0.579,120.3/215.6,0.558,16.8,843.9,904.6,137.6,36.6,116.5,155,TOTAL,yahoo_screenshot,2026-09-26T12:00:00Z,HIGH,,
Soren Fairbourne,BOL,SF,124,73,360.5/763.8,0.472,166.8/202.8,0.822,94.8,947,367.2,204.2,60.9,59.3,88.6,TOTAL,yahoo_screenshot,2026-09-26T12:00:00Z,HIGH,,
Galen Abernet,CRS,SF,72,75,529.5/1092.4,0.485,220.4/300.1,0.734,156.7,1375.4,419.2,183.2,79.8,49.1,112.1,TOTAL,yahoo_screenshot,2026-09-26T12:00:00Z,HIGH,,
Kade Wolcott,DUN,PG,76,70,469.7/1035.7,0.454,167.6/197.8,0.847,141.1,1197,203.6,657.6,69.4,28.4,190.4,TOTAL,yahoo_screenshot,2026-09-26T12:00:00Z,HIGH,,
Gage Fairbourne,ALB,SF,83,67,371.8/796.5,0.467,148.7/214.8,0.692,78.7,941.6,389.8,163.9,30.4,29.4,79.8,TOTAL,yahoo_screenshot,2026-09-26T12:00:00Z,HIGH,,
Emeka Jessop,BRV,"PG,SG",132,78,257/529.3,0.486,148.3/159.3,0.931,155.1,757.2,251.7,495.2,77.8,17.1,183.7,TOTAL,yahoo_screenshot,2026-09-26T12:00:00Z,HIGH,,
Rowan Eastlake,CDR,PG,165,71,290.4/692.2,0.42,108.7/134,0.811,137.1,780.6,150.2,359.2,54.7,15.6,116.3,TOTAL,yahoo_screenshot,2026-09-26T12:00:00Z,HIGH,,
Pax Underhill,DLT,"PF,C",90,75,440.1/903.7,0.487,276.7/354.4,0.781,131.2,1237,399.4,119.1,45.9,73.6,102.6,TOTAL,yahoo_screenshot,2026-09-26T12:00:00Z,HIGH,,
Emeka Corvell,EMB,SG,96,80,443.8/948,0.468,155.6/182.5,0.853,216.1,1178.4,347,261.1,94.4,33.5,137.3,TOTAL,yahoo_screenshot,2026-09-26T12:00:00Z,HIGH,,
Idris Fairbourne,FRG,"PG,SG",98,74,484.4/1146.6,0.422,239.2/300.8,0.795,98.2,1273.1,280.3,486.1,89.6,14.7,230.8,TOTAL,yahoo_screenshot,2026-09-26T12:00:00Z,HIGH,,
Gage Northcott,GLN,"SG,SF",102,56,276/590.8,0.467,151.1/181.7,0.832,147.7,795.6,218.6,153.6,55.3,21.8,81,TOTAL,yahoo_screenshot,2026-09-26T12:00:00Z,HIGH,,
Wes Ingram,HVN,C,89,70,251.4/440,0.571,118.5/189.1,0.627,19.1,631.6,691.5,136.7,38.5,90,93.4,TOTAL,yahoo_screenshot,2026-09-26T12:00:00Z,HIGH,,
Eli Birchwell,IRN,PG,82,74,367.8/815.8,0.451,295.8/345.2,0.857,190.5,1153.2,217.6,572.4,73.2,16,183.5,TOTAL,yahoo_screenshot,2026-09-26T12:00:00Z,HIGH,,
Quincy Eastlake,JAD,"PG,SG",91,72,377/850.8,0.443,147.7/189.8,0.778,168.9,1010.7,268,527.5,81.9,17.8,231,TOTAL,yahoo_screenshot,2026-09-26T12:00:00Z,HIGH,,
Nico Dunmore,KNG,"PF,C",176,77,254.2/487.3,0.522,68/79.8,0.852,40.7,600.1,302.9,95.2,41.2,58.6,71.6,TOTAL,yahoo_screenshot,2026-09-26T12:00:00Z,HIGH,,
Emeka Kestrel,LYX,"PF,C",77,72,436.4/827.2,0.528,92.2/135.6,0.68,124.2,1036.8,454.9,169.7,58.7,78,106.6,TOTAL,yahoo_screenshot,2026-09-26T12:00:00Z,HIGH,,
Bram Hartwell,MTR,C,116,76,247.3/424.9,0.582,139.2/195.2,0.713,22.9,646.1,604.8,101.9,34.9,84.4,94.8,TOTAL,yahoo_screenshot,2026-09-26T12:00:00Z,HIGH,,
Galen Quill,NOV,SF,128,76,334.6/756.6,0.442,136.1/185.6,0.733,109.5,876.1,373.5,152.8,69.1,26.4,101.4,TOTAL,yahoo_screenshot,2026-09-26T12:00:00Z,HIGH,,
Idris Pembrook,ORC,SG,110,79,361.2/869,0.416,293.9/338.9,0.867,251.2,1183.9,290.2,255.9,97.2,40.4,161.1,TOTAL,yahoo_screenshot,2026-09-26T12:00:00Z,HIGH,,
Linus Everly,PHN,SG,119,71,210.5/433.3,0.486,94.3/118.7,0.794,122.3,590.2,239.9,232.7,48.5,19.5,87.8,TOTAL,yahoo_screenshot,2026-09-26T12:00:00Z,HIGH,,
Zane Jessop,QST,PG,129,80,360.1/887.2,0.406,91.4/103.5,0.883,120.2,892.8,232,376.6,62.9,16.6,143.2,TOTAL,yahoo_screenshot,2026-09-26T12:00:00Z,HIGH,,
Dorian Fairbourne,RVR,SG,80,80,355.8/815.8,0.436,183.9/217.7,0.845,290.9,1084.8,272.6,207.5,91.7,30.4,133.5,TOTAL,yahoo_screenshot,2026-09-26T12:00:00Z,HIGH,,
Florian Stroud,SUM,"SG,SF",101,74,269.7/550.5,0.49,123.3/156.8,0.786,171.8,767.1,287.9,202,43.5,28.6,103.4,TOTAL,yahoo_screenshot,2026-09-26T12:00:00Z,HIGH,,
Ansel Pembrook,TID,PF,105,70,283.4/606.7,0.467,174.5/217.6,0.802,92.7,799.3,346.9,102.3,49.2,63.2,99.8,TOTAL,yahoo_screenshot,2026-09-26T12:00:00Z,HIGH,,
Eli Thorne,UMB,PF,93,57,327.7/661.4,0.495,152.7/189.5,0.806,113.2,876.4,401.4,111.5,30.6,57,91.7,TOTAL,yahoo_screenshot,2026-09-26T12:00:00Z,HIGH,,
Ivo Vexley,VIP,"PF,C",97,49,188.3/399.7,0.471,68.5/93.8,0.73,75.4,492.1,298.8,116.1,28.4,42.1,57.9,TOTAL,yahoo_screenshot,2026-09-26T12:00:00Z,HIGH,,
Kellan Calloway,WLD,"SG,SF",158,75,361.2/761.2,0.475,125.6/164.9,0.762,132.2,930,295,194.7,38.8,24.6,87.3,TOTAL,yahoo_screenshot,2026-09-26T12:00:00Z,HIGH,,
Orin Abernet,XEN,"PG,SG",103,62,276.7/626.4,0.442,103.1/125.9,0.819,65.6,698.9,227,435.4,62.4,16.3,135.1,TOTAL,yahoo_screenshot,2026-09-26T12:00:00Z,HIGH,,
Hollis Northcott,YTI,"PF,C",115,78,435/861.8,0.505,147.5/203.4,0.725,132.5,1096.5,496.6,145.4,65.6,14.5,113,TOTAL,yahoo_screenshot,2026-09-26T12:00:00Z,HIGH,,
Rowan Northcott,ZEP,"PF,C",149,77,314.5/652.1,0.482,130.4/169.2,0.771,67.6,800.9,339.2,108.6,33.9,67,76.4,TOTAL,yahoo_screenshot,2026-09-26T12:00:00Z,HIGH,,
Kade Stroud,ARC,PG,134,47,125.8/305.8,0.411,94/103.7,0.906,92.8,407.9,134.6,256.7,27.7,13.6,94.6,TOTAL,yahoo_screenshot,2026-09-26T12:00:00Z,HIGH,,
Orin Northcott,BOL,"SG,SF",136,72,375.7/850.7,0.442,113.6/124.2,0.915,184.4,984.3,269.3,261.3,67,37.3,112.2,TOTAL,yahoo_screenshot,2026-09-26T12:00:00Z,HIGH,,
Xander Stroud,CRS,"SG,SF",121,73,362.9/800.1,0.454,152/202.6,0.75,138.7,966.1,329.8,252.6,52.2,22.7,85.6,TOTAL,yahoo_screenshot,2026-09-26T12:00:00Z,HIGH,,
Jonah Ingram,DUN,"PF,C",109,74,247.1/474.2,0.521,118.5/150,0.79,133,690.2,448.8,148.9,37.2,83.7,114.3,TOTAL,yahoo_screenshot,2026-09-26T12:00:00Z,HIGH,,
Blake Blackwood,ALB,"SG,SF",104,62,333.5/780.5,0.427,160.2/198.3,0.808,156.9,930.4,251.2,180.7,58.4,33.9,100.7,TOTAL,yahoo_screenshot,2026-09-26T12:00:00Z,HIGH,,
Hugo Zeller,BRV,SF,144,53,245.7/462.2,0.532,137.2/188.3,0.729,95.5,683.6,252.6,153.7,45.5,17.7,82.3,TOTAL,yahoo_screenshot,2026-09-26T12:00:00Z,HIGH,,
Orin Jessop,CDR,SF,246,73,235.2/498.1,0.472,135.9/169.6,0.801,77,654.3,345.8,152.2,48.8,24.3,71.2,TOTAL,yahoo_screenshot,2026-09-26T12:00:00Z,HIGH,,
Zane Wolcott,DLT,"SG,SF",126,78,316.9/694.9,0.456,128.4/146.6,0.876,119.8,838.4,265.6,189.6,59,27.4,117.3,TOTAL,yahoo_screenshot,2026-09-26T12:00:00Z,HIGH,,
Eli Underhill,EMB,"SG,SF",135,75,339.7/782,0.434,172.5/228.5,0.755,184.5,972.2,285.1,232.2,53.9,23.8,83.8,TOTAL,yahoo_screenshot,2026-09-26T12:00:00Z,HIGH,,
Ulises Marlow,FRG,SF,147,71,245.5/534,0.46,107.3/142.6,0.752,78.6,648,283.3,113.7,66.3,31.3,79.4,TOTAL,yahoo_screenshot,2026-09-26T12:00:00Z,HIGH,,
Eli Ravensworth,GLN,C,148,75,270.3/449.6,0.601,136.6/219.5,0.622,18.9,687,710.3,141.6,45.7,115.3,93,TOTAL,yahoo_screenshot,2026-09-26T12:00:00Z,HIGH,,
Idris Yarrow,HVN,"PG,SG",211,76,241.9/535.5,0.452,88.2/100.3,0.879,115.1,645.4,173.1,347.6,62.8,10.6,143.8,TOTAL,yahoo_screenshot,2026-09-26T12:00:00Z,HIGH,,
Yuri Ingram,IRN,PG,117,72,340.8/852.8,0.4,97.4/117.3,0.83,131.1,868.1,212.4,379,34.6,16.6,147.3,TOTAL,yahoo_screenshot,2026-09-26T12:00:00Z,HIGH,,
Eli Quill,JAD,C,169,70,216/430,0.502,114.5/174.3,0.657,15,555.6,492.7,115.7,28.9,66.7,88.9,TOTAL,yahoo_screenshot,2026-09-26T12:00:00Z,HIGH,,
Finn Ravensworth,KNG,PG,123,73,359.9/784.3,0.459,189.7/222.5,0.853,110.3,979.3,196.6,422.4,71.1,22.9,195.1,TOTAL,yahoo_screenshot,2026-09-26T12:00:00Z,HIGH,,
Vance Calloway,LYX,PF,150,77,338.4/731.2,0.463,153.7/195.1,0.788,119.4,905.7,454.8,127.7,56.8,57.1,94.1,TOTAL,yahoo_screenshot,2026-09-26T12:00:00Z,HIGH,,
Niall Corvell,MTR,"PG,SG",122,74,296.5/574.9,0.516,139.9/165.2,0.847,142.1,816.4,246.2,364.1,64.8,7.1,176,TOTAL,yahoo_screenshot,2026-09-26T12:00:00Z,HIGH,,
Eli Eastlake,NOV,"PG,SG",100,73,326.8/681.3,0.48,168.5/195.2,0.863,154.7,917.4,258.9,450.8,68.6,25.2,201.3,TOTAL,yahoo_screenshot,2026-09-26T12:00:00Z,HIGH,,
Wes Stroud,ORC,"SG,SF",238,71,199.8/479.2,0.417,124.2/145.1,0.856,86.2,581.2,233,181.3,42.5,24.2,55.1,TOTAL,yahoo_screenshot,2026-09-26T12:00:00Z,HIGH,,
Bram Wolcott,PHN,SF,106,74,258.9/504.9,0.513,121.9/145.5,0.838,83.7,689,373.9,158.9,47.5,48.1,74.6,TOTAL,yahoo_screenshot,2026-09-26T12:00:00Z,HIGH,,
Hugo Calloway,QST,PF,153,72,251.1/501.2,0.501,87/98.5,0.883,52.7,620.8,348.1,116.5,36.8,49.6,95.9,TOTAL,yahoo_screenshot,2026-09-26T12:00:00Z,HIGH,,
Orin Eastlake,RVR,"PF,C",198,78,262.7/514.3,0.511,159.2/197.6,0.806,83.8,734,388.7,126.7,35.4,51.8,75.9,TOTAL,yahoo_screenshot,2026-09-26T12:00:00Z,HIGH,,
Cam Wolcott,SUM,"PF,C",111,73,301.2/579.2,0.52,117.1/149.4,0.784,114.6,786.5,338.8,159.7,17.3,71.4,95.5,TOTAL,yahoo_screenshot,2026-09-26T12:00:00Z,HIGH,,
Blake Calloway,TID,"SF,PF",168,75,287.1/592.8,0.484,164.4/214.2,0.768,80.3,787.8,349.6,170.8,65.6,48.7,55,TOTAL,yahoo_screenshot,2026-09-26T12:00:00Z,HIGH,,
Jonah Vexley,UMB,C,174,49,188.6/344.2,0.548,89.3/145.9,0.612,11.5,472.9,402.7,74.3,26.9,66.3,55.8,TOTAL,yahoo_screenshot,2026-09-26T12:00:00Z,HIGH,,
Kellan Corvell,VIP,PG,206,80,200.3/456.5,0.439,98.9/110.3,0.897,93.8,560.5,226.1,246.2,59.6,11.7,129.6,TOTAL,yahoo_screenshot,2026-09-26T12:00:00Z,HIGH,,
Yuri Oakridge,WLD,PF,114,68,329/676.6,0.486,181.6/222.3,0.817,71.3,883.2,407,109.6,25,72.4,82.6,TOTAL,yahoo_screenshot,2026-09-26T12:00:00Z,HIGH,,
Pax Zeller,XEN,"SF,PF",152,70,286/577.6,0.495,95.6/111.9,0.854,85.3,719.1,346.6,151.1,51.8,29.8,93.1,TOTAL,yahoo_screenshot,2026-09-26T12:00:00Z,HIGH,,
Wes Ravensworth,YTI,C,146,79,343.9/610.2,0.564,160.6/234.8,0.684,19.6,859,584,126.2,48,110.6,96.2,TOTAL,yahoo_screenshot,2026-09-26T12:00:00Z,HIGH,,
Milo Pembrook,ZEP,C,215,72,223.2/410.6,0.544,125.5/192.1,0.653,17.5,581.8,446,106.4,28.6,105.1,70,TOTAL,yahoo_screenshot,2026-09-26T12:00:00Z,HIGH,,
Hollis Quill,ARC,SG,131,68,455.3/937.3,0.486,142.7/188,0.759,184.2,1165.9,223.5,259.4,66.5,26.5,165.9,TOTAL,yahoo_screenshot,2026-09-26T12:00:00Z,HIGH,,
Idris Birchwell,BOL,PF,218,74,215.3/512.7,0.42,105/132.6,0.792,74.9,585.4,387.2,120.6,41.5,55.6,67.3,TOTAL,yahoo_screenshot,2026-09-26T12:00:00Z,HIGH,,
Ivo Everly,CRS,"SF,PF",207,80,242/510.8,0.474,113.2/169.2,0.669,46.4,625.9,348,121.3,41.7,38.5,59.9,TOTAL,yahoo_screenshot,2026-09-26T12:00:00Z,HIGH,,
Hugo Kestrel,DUN,PG,125,75,368.2/789.1,0.467,155.5/166.1,0.936,208.4,1022.5,286.1,501.6,85.2,22.1,185.4,TOTAL,yahoo_screenshot,2026-09-26T12:00:00Z,HIGH,,
Avery Ashgrove,ALB,SG,161,51,284.3/679.1,0.419,149/207,0.72,117.2,795.5,182.7,180.2,49.3,16.9,79.4,TOTAL,yahoo_screenshot,2026-09-26T12:00:00Z,HIGH,,
Nico Ashgrove,BRV,PG,184,72,262.4/689.9,0.38,144.9/177.6,0.816,151.2,774.9,172.8,414.3,68.9,9.5,141.2,TOTAL,yahoo_screenshot,2026-09-26T12:00:00Z,HIGH,,
Kade Abernet,CDR,C,235,71,258/428,0.603,120.9/169.1,0.715,16,645.2,538.8,116.7,32.8,101.3,70.4,TOTAL,yahoo_screenshot,2026-09-26T12:00:00Z,HIGH,,
Bram Birchwell,DLT,"PG,SG",155,70,269.8/594.3,0.454,198/225.6,0.878,100.7,801.8,169.2,371.2,44.9,12.8,157.2,TOTAL,yahoo_screenshot,2026-09-26T12:00:00Z,HIGH,,
Milo Fairbourne,EMB,SF,99,72,474.9/1123.5,0.423,216.4/276,0.784,107.3,1237.3,546,239.7,87.8,40.8,111.8,TOTAL,yahoo_screenshot,2026-09-26T12:00:00Z,HIGH,,
Kade Ashgrove,FRG,PG,141,56,168.8/359.4,0.47,90.8/107.9,0.842,112.3,498.4,161,271.7,75.9,13.9,96.4,TOTAL,yahoo_screenshot,2026-09-26T12:00:00Z,HIGH,,
Jalen Zeller,GLN,PF,130,52,205.6/403.6,0.509,79.9/109,0.733,70.5,532.9,274.2,76.3,30.3,38.6,73.8,TOTAL,yahoo_screenshot,2026-09-26T12:00:00Z,HIGH,,
Ivo Calloway,HVN,PG,170,69,237.3/542.7,0.437,112.5/137.7,0.817,126.2,669.2,172.5,366.2,53.6,18.6,103.9,TOTAL,yahoo_screenshot,2026-09-26T12:00:00Z,HIGH,,
Hollis Garrow,IRN,SF,202,72,223.8/487.3,0.459,92.9/117.4,0.791,96.2,601.3,283.1,113.9,73.6,25.2,55.3,TOTAL,yahoo_screenshot,2026-09-26T12:00:00Z,HIGH,,
Marek Quill,JAD,SG,179,71,229.9/461.7,0.498,113.1/150.7,0.75,67.4,613.4,206.4,162.8,47.8,12.9,73.1,TOTAL,yahoo_screenshot,2026-09-26T12:00:00Z,HIGH,,
Jalen Northcott,KNG,"SF,PF",186,75,230.1/454,0.507,106.5/149,0.715,93.3,622.2,353.1,117.3,70,31.2,90.8,TOTAL,yahoo_screenshot,2026-09-26T12:00:00Z,HIGH,,
Zane Ingram,LYX,C,231,78,203.3/349.8,0.581,110.6/191.8,0.577,14.1,524.7,409.8,96.7,30.4,58,68.1,TOTAL,yahoo_screenshot,2026-09-26T12:00:00Z,HIGH,,
Finn Calloway,MTR,SF,142,75,269.2/568.7,0.473,123.3/138.2,0.892,72.4,706.8,299.3,196.8,53.6,36.5,109.3,TOTAL,yahoo_screenshot,2026-09-26T12:00:00Z,HIGH,,
Tate Yarrow,NOV,SG,274,68,193.7/447.9,0.432,110.4/133.1,0.829,77.8,548.7,179.8,144,22.7,12.2,53.6,TOTAL,yahoo_screenshot,2026-09-26T12:00:00Z,HIGH,,
Linus Underhill,ORC,"SF,PF",151,73,257.4/570.8,0.451,109.7/139.2,0.788,77.3,673.8,338.1,167.2,92.1,35,71.5,TOTAL,yahoo_screenshot,2026-09-26T12:00:00Z,HIGH,,
Gage Birchwell,PHN,C,188,52,142.4/262,0.544,63.1/92.2,0.684,10,353.5,359.5,91.5,23.9,70.6,48.8,TOTAL,yahoo_screenshot,2026-09-26T12:00:00Z,HIGH,,
Bram Lockhart,QST,"SG,SF",172,80,322.6/714.1,0.452,135.6/156.8,0.865,117.3,855.8,223.6,218.7,36.6,23.3,74.4,TOTAL,yahoo_screenshot,2026-09-26T12:00:00Z,HIGH,,
Finn Stroud,RVR,"SG,SF",183,77,227.3/493.5,0.461,73.3/105.4,0.695,89.9,584.7,199.5,176.1,32.3,15.4,48.5,TOTAL,yahoo_screenshot,2026-09-26T12:00:00Z,HIGH,,
Lior Vexley,SUM,C,173,73,247/382.9,0.645,90.4/149.4,0.605,15.3,591.8,570.9,148.6,37.2,112,96.7,TOTAL,yahoo_screenshot,2026-09-26T12:00:00Z,HIGH,,
Kade Marlow,TID,"SG,SF",160,76,267.7/643.9,0.416,116/144.3,0.804,109.9,724.7,227.6,214.2,41.5,5.6,66.4,TOTAL,yahoo_screenshot,2026-09-26T12:00:00Z,HIGH,,
Kade Dunmore,UMB,"PF,C",260,74,181.8/362.7,0.501,82.7/106,0.78,73.7,490.5,290.8,108.6,25.2,70,56,TOTAL,yahoo_screenshot,2026-09-26T12:00:00Z,HIGH,,
Zane Fairbourne,VIP,SF,178,74,197/412.9,0.477,77/91.1,0.845,54.6,504.7,303.3,138,48.8,28.2,72.5,TOTAL,yahoo_screenshot,2026-09-26T12:00:00Z,HIGH,,
Cam Thorne,WLD,"SG,SF",133,69,309.1/690.7,0.448,72.6/80.7,0.9,144.4,783.4,248.1,166.5,44.1,35.4,97.2,TOTAL,yahoo_screenshot,2026-09-26T12:00:00Z,HIGH,,
Niall Pembrook,XEN,C,107,53,269.5/458.5,0.588,132.1/191.9,0.688,14,678.5,550.1,128.2,34.3,92.5,88.2,TOTAL,yahoo_screenshot,2026-09-26T12:00:00Z,HIGH,,
Cam Northcott,YTI,"SF,PF",201,45,161.1/323.6,0.498,61.5/83.4,0.737,52.1,415.1,216.1,102.9,30.3,28.8,56.2,TOTAL,yahoo_screenshot,2026-09-26T12:00:00Z,HIGH,,
Lior Jessop,ZEP,PF,162,75,304.9/602.4,0.506,191.7/225,0.852,87.4,853.5,407,129.3,45.6,64.1,92.4,TOTAL,yahoo_screenshot,2026-09-26T12:00:00Z,HIGH,,
Hugo Quill,ARC,SG,256,80,311.7/632.8,0.493,112.5/148.5,0.758,79.6,784.1,232.6,170.4,54.8,33.4,80,TOTAL,yahoo_screenshot,2026-09-26T12:00:00Z,HIGH,,
Niall Jessop,BOL,PG,185,78,246.8/508.7,0.485,160.8/198.9,0.808,97.8,714.3,224.7,368.2,61.5,15.5,146.9,TOTAL,yahoo_screenshot,2026-09-26T12:00:00Z,HIGH,,
Eli Zeller,CRS,"PG,SG",159,74,353.9/782.1,0.452,239.8/255.2,0.94,164.3,1052.5,252.6,523.6,63.8,28.1,181.5,TOTAL,yahoo_screenshot,2026-09-26T12:00:00Z,HIGH,,
Ivo Pembrook,DUN,C,261,59,143.9/232.5,0.619,48.4/69.8,0.693,13,342.7,534,105,30.1,96.6,37.2,TOTAL,yahoo_screenshot,2026-09-26T12:00:00Z,HIGH,,
Lior Underhill,ALB,C,167,78,331.2/610,0.543,179.6/262.4,0.684,27.3,857.5,770,118.3,35.9,100.3,125.2,TOTAL,yahoo_screenshot,2026-09-26T12:00:00Z,HIGH,,
Ivo Ashgrove,BRV,"SF,PF",118,75,251.8/495.4,0.508,125.4/157.4,0.797,94.6,685,312.3,164.4,54.1,20.4,99.8,TOTAL,yahoo_screenshot,2026-09-26T12:00:00Z,HIGH,,
Lior Draven,CDR,"SG,SF",181,75,324.6/682.4,0.476,200.6/222.3,0.902,155.3,946,267.4,204.5,54.6,21,108.9,TOTAL,yahoo_screenshot,2026-09-26T12:00:00Z,HIGH,,
Emeka Stroud,DLT,PG,258,52,160.7/354.3,0.454,71.4/89.4,0.799,58.8,430.3,142.6,254.7,38.4,16.5,65.2,TOTAL,yahoo_screenshot,2026-09-26T12:00:00Z,HIGH,,
Wes Garrow,EMB,SG,180,74,318.2/720.3,0.442,115.6/133.8,0.864,139.6,842.3,220.5,222.5,79.7,30.6,98.7,TOTAL,yahoo_screenshot,2026-09-26T12:00:00Z,HIGH,,
Rowan Marlow,FRG,SG,225,70,210.8/461.2,0.457,145.4/177.3,0.82,99.5,630.2,193.3,185.7,39.4,20.7,70.8,TOTAL,yahoo_screenshot,2026-09-26T12:00:00Z,HIGH,,
Florian Calloway,GLN,SF,127,70,428.1/963.4,0.444,177.6/223.2,0.796,86.4,1089.5,355.3,178.6,44.2,31.8,86.2,TOTAL,yahoo_screenshot,2026-09-26T12:00:00Z,HIGH,,
Linus Calloway,HVN,"SG,SF",199,76,288.4/711,0.406,123/152,0.809,89.8,760.3,278.6,243.6,44.6,25,88.4,TOTAL,yahoo_screenshot,2026-09-26T12:00:00Z,HIGH,,
Vance Everly,IRN,SF,255,44,162.1/311.2,0.521,69.2/85.6,0.808,60.1,428.3,184,92.4,34,14,54.1,TOTAL,yahoo_screenshot,2026-09-26T12:00:00Z,HIGH,,
Dorian Northcott,JAD,"SF,PF",249,72,173.6/329.4,0.527,53.6/75.8,0.707,76.3,444.9,288.4,153.8,60.5,33.1,57,TOTAL,yahoo_screenshot,2026-09-26T12:00:00Z,HIGH,,
Ansel Stroud,KNG,C,241,70,326.3/555,0.588,182.3/304.7,0.598,17.1,843.9,643.7,116.8,63.7,56.2,83.3,TOTAL,yahoo_screenshot,2026-09-26T12:00:00Z,HIGH,,
Linus Lockhart,LYX,PF,243,76,163.6/342.6,0.478,59.2/69.7,0.849,48.3,416.2,344.8,98.2,32.6,41.9,45.7,TOTAL,yahoo_screenshot,2026-09-26T12:00:00Z,HIGH,,
Bram Marlow,MTR,"SG,SF",187,74,227.2/493.3,0.461,64.2/82,0.783,109.2,587.5,327.3,257.9,43.9,24.2,75.6,TOTAL,yahoo_screenshot,2026-09-26T12:00:00Z,HIGH,,
Bram Dunmore,NOV,PG,224,75,227.8/576.8,0.395,74.7/99.2,0.753,94.5,595,202,345.6,71.9,16.2,108.3,TOTAL,yahoo_screenshot,2026-09-26T12:00:00Z,HIGH,,
Emeka Garrow,ORC,SF,182,76,240.5/489.7,0.491,111.3/146.6,0.759,71.9,636,330,178,52.1,28.8,70.9,TOTAL,yahoo_screenshot,2026-09-26T12:00:00Z,HIGH,,
Vance Ingram,PHN,PG,237,74,257.1/569.7,0.451,66.2/85.8,0.772,102.7,646.1,166.4,396.8,73.5,16.7,160.7,TOTAL,yahoo_screenshot,2026-09-26T12:00:00Z,HIGH,,
Idris Thorne,QST,PG,120,74,477/1113.1,0.429,274.4/321,0.855,147.4,1325.3,220.1,598.2,68,17.7,163.7,TOTAL,yahoo_screenshot,2026-09-26T12:00:00Z,HIGH,,
Zane Stroud,RVR,"SG,SF",220,67,233.4/516.8,0.452,123.1/160.6,0.767,73.5,636.9,173.3,212,38.4,22.5,94.3,TOTAL,yahoo_screenshot,2026-09-26T12:00:00Z,HIGH,,
Nico Oakridge,SUM,C,197,71,233.8/392.4,0.596,66.2/103,0.643,13.6,541,449.2,82.1,36.5,93,80.6,TOTAL,yahoo_screenshot,2026-09-26T12:00:00Z,HIGH,,
Rowan Hartwell,TID,C,190,80,246.6/432.7,0.57,145.6/195.5,0.745,26.2,653,757.9,140.7,55.4,64.5,76.4,TOTAL,yahoo_screenshot,2026-09-26T12:00:00Z,HIGH,,
Pax Wolcott,UMB,C,221,74,177/319.3,0.554,100.6/151.3,0.665,12.1,461.3,424.5,104.8,35.6,56.3,57.6,TOTAL,yahoo_screenshot,2026-09-26T12:00:00Z,HIGH,,
Yuri Fairbourne,VIP,C,137,74,259.5/438.1,0.592,157/263.9,0.595,20.9,687,597.4,133,31.9,84.4,87.7,TOTAL,yahoo_screenshot,2026-09-26T12:00:00Z,HIGH,,
Dante Zeller,WLD,"PG,SG",279,75,165.1/383,0.431,83.5/100,0.835,53.8,449,168.1,173.7,54.7,14,54.4,TOTAL,yahoo_screenshot,2026-09-26T12:00:00Z,HIGH,,
Eli Corvell,XEN,PG,194,74,98.4/227.4,0.433,83.8/93.1,0.9,101.8,347.2,137.2,206.4,49,18.4,111.6,TOTAL,yahoo_screenshot,2026-09-26T12:00:00Z,HIGH,,
Wes Kestrel,YTI,PG,230,73,104.4/231.7,0.451,74.2/91.2,0.814,99.8,346.8,133.9,310.2,47.6,9.1,126.9,TOTAL,yahoo_screenshot,2026-09-26T12:00:00Z,HIGH,,
Jalen Yarrow,ZEP,C,189,71,270.7/462.4,0.585,144.2/231,0.624,17.3,694.9,648.9,111.3,43.8,93.7,94.7,TOTAL,yahoo_screenshot,2026-09-26T12:00:00Z,HIGH,,
Yuri Lockhart,ARC,"PF,C",219,43,114.9/233.3,0.492,32.9/43.4,0.758,33.3,282.9,163.8,53.8,16.8,18.7,43.4,TOTAL,yahoo_screenshot,2026-09-26T12:00:00Z,HIGH,,
Cyrus Lockhart,BOL,SG,164,72,326.8/739.7,0.442,155.7/183.4,0.849,88,866.3,263.5,216.3,64.3,30,91.1,TOTAL,yahoo_screenshot,2026-09-26T12:00:00Z,HIGH,,
Linus Oakridge,CRS,SF,222,74,214.5/456.6,0.47,96.6/116.6,0.828,99,587.5,301.5,160.5,73,31.7,106.1,TOTAL,yahoo_screenshot,2026-09-26T12:00:00Z,HIGH,,
Nico Eastlake,DUN,PF,271,80,224/497.6,0.45,89.2/110.3,0.809,67.2,580.3,373.6,123.8,34.3,66.8,57.4,TOTAL,yahoo_screenshot,2026-09-26T12:00:00Z,HIGH,,
Blake Hartwell,ALB,PF,145,78,405.9/854.9,0.475,163/209.5,0.778,152.7,1069.5,490.4,148,41,95.7,155.7,TOTAL,yahoo_screenshot,2026-09-26T12:00:00Z,HIGH,,
Jalen Ravensworth,BRV,C,292,58,140.7/266.2,0.529,84/121.4,0.692,10.9,371.8,477.6,103.3,33.4,73.1,52.1,TOTAL,yahoo_screenshot,2026-09-26T12:00:00Z,HIGH,,
Jalen Pembrook,CDR,SF,285,75,144.9/297.1,0.488,32.2/42.7,0.754,55,355.5,304.2,122.8,37.4,18.9,45,TOTAL,yahoo_screenshot,2026-09-26T12:00:00Z,HIGH,,
Marek Marlow,DLT,SG,253,51,123.7/280.8,0.441,54.2/66.7,0.813,51.1,334.7,179.5,108.7,36.5,12.3,40.9,TOTAL,yahoo_screenshot,2026-09-26T12:00:00Z,HIGH,,
Niall Draven,EMB,SF,288,77,166.8/347.4,0.48,44.5/58.3,0.763,42.2,404.1,184.5,132.8,38.1,23.5,41.3,TOTAL,yahoo_screenshot,2026-09-26T12:00:00Z,HIGH,,
Jonah Oakridge,FRG,"SF,PF",268,76,194.6/413.6,0.471,99.6/148.6,0.67,75.5,535.9,269.5,138.3,60.8,39.7,58.8,TOTAL,yahoo_screenshot,2026-09-26T12:00:00Z,HIGH,,
Linus Draven,GLN,SG,245,74,303.6/591.8,0.513,159.9/187.8,0.851,74.1,810.7,217.1,212.4,53.5,20.1,119,TOTAL,yahoo_screenshot,2026-09-26T12:00:00Z,HIGH,,
Gage Everly,HVN,SF,196,56,173.4/364.3,0.476,59.2/75.3,0.786,71.7,450.5,317,113.4,31.6,37,62.3,TOTAL,yahoo_screenshot,2026-09-26T12:00:00Z,HIGH,,
Lior Blackwood,IRN,"PF,C",267,58,146.6/317.9,0.461,62.3/70.3,0.886,35,377.6,309,78.1,30.8,49.4,54.6,TOTAL,yahoo_screenshot,2026-09-26T12:00:00Z,HIGH,,
Galen Eastlake,JAD,"SG,SF",284,80,202.4/452.2,0.448,80.4/102.9,0.781,80.4,536.7,182.9,228.6,70.3,36.7,55.5,TOTAL,yahoo_screenshot,2026-09-26T12:00:00Z,HIGH,,
Kade Zeller,KNG,C,270,42,115/208.9,0.551,37/56.6,0.654,10.1,272.7,332.2,79.8,19.6,33.3,33.9,TOTAL,yahoo_screenshot,2026-09-26T12:00:00Z,HIGH,,
Tate Quill,LYX,C,290,45,98.9/165,0.599,50.3/71.9,0.7,8.8,252.7,298.5,57.7,7.9,38.8,28.6,TOTAL,yahoo_screenshot,2026-09-26T12:00:00Z,HIGH,,
Yuri Marlow,MTR,"PF,C",259,77,361/834.2,0.433,173.9/235.5,0.738,112.6,969.6,340.2,112.8,43.6,61.3,94.4,TOTAL,yahoo_screenshot,2026-09-26T12:00:00Z,HIGH,,
Jonah Thorne,NOV,SF,239,77,228.7/466.9,0.49,136.2/177.1,0.769,88.1,647.1,333,139,44.5,27.2,60.1,TOTAL,yahoo_screenshot,2026-09-26T12:00:00Z,HIGH,,
Pax Jessop,ORC,C,223,56,229.9/417.8,0.55,82.5/118.7,0.695,12.8,549.4,395,93.2,23.1,85.7,82.7,TOTAL,yahoo_screenshot,2026-09-26T12:00:00Z,HIGH,,
Soren Draven,PHN,SF,140,74,350.3/837.4,0.418,163.6/242.7,0.674,119.7,943.9,307.7,144.3,52.6,33.7,94.1,TOTAL,yahoo_screenshot,2026-09-26T12:00:00Z,HIGH,,
Vance Fairbourne,QST,SG,204,52,114.7/247,0.464,33.4/40.3,0.829,41.7,289,134.3,120.5,34.1,15.5,57,TOTAL,yahoo_screenshot,2026-09-26T12:00:00Z,HIGH,,
Zane Pembrook,RVR,SF,217,68,211.7/441.8,0.479,119.2/142.8,0.835,76.8,590,342.8,165.2,74.2,20,79.8,TOTAL,yahoo_screenshot,2026-09-26T12:00:00Z,HIGH,,
Jonah Blackwood,SUM,"SF,PF",214,71,312.1/738.3,0.423,172.5/232.6,0.742,34.1,819.3,307.3,158,53.4,35.5,76.2,TOTAL,yahoo_screenshot,2026-09-26T12:00:00Z,HIGH,,
Galen Vexley,TID,C,177,77,234.3/384.8,0.609,170.9/254.3,0.672,16.8,648.1,512.4,127.4,46,108.7,89.3,TOTAL,yahoo_screenshot,2026-09-26T12:00:00Z,HIGH,,
Yuri Dunmore,UMB,PG,289,71,165.4/384.2,0.431,86.6/105.2,0.823,78.3,468.7,166.1,186.9,24.9,21.5,71.5,TOTAL,yahoo_screenshot,2026-09-26T12:00:00Z,HIGH,,
Tate Northcott,VIP,"SG,SF",138,72,296.9/594.7,0.499,128.4/166.2,0.773,99.1,781.6,235,202.5,62.2,21.5,84,TOTAL,yahoo_screenshot,2026-09-26T12:00:00Z,HIGH,,
Blake Fairbourne,WLD,SG,266,72,241.6/560.4,0.431,50.9/58.9,0.864,87.4,591.4,195.3,159.9,39.1,22.9,67.7,TOTAL,yahoo_screenshot,2026-09-26T12:00:00Z,HIGH,,
Finn Northcott,XEN,SG,192,71,223.7/470.5,0.475,82.6/89.9,0.919,100.3,592.2,222.2,172.5,54.3,20.6,69.7,TOTAL,yahoo_screenshot,2026-09-26T12:00:00Z,HIGH,,
Wes Vexley,YTI,"SF,PF",281,51,148.1/325.5,0.455,60.8/83.8,0.726,56.3,392.8,190.7,82.2,22.3,20.4,50.5,TOTAL,yahoo_screenshot,2026-09-26T12:00:00Z,HIGH,,
Idris Abernet,ZEP,SF,278,70,114/247.7,0.46,62.2/90.2,0.69,30.2,309.2,279.3,112.3,35.4,30.1,27.1,TOTAL,yahoo_screenshot,2026-09-26T12:00:00Z,HIGH,,
Marek Thorne,ARC,"PF,C",248,72,265.9/543.3,0.489,117.2/143.5,0.817,98.3,708.8,313.4,103.3,37.2,35.2,70.8,TOTAL,yahoo_screenshot,2026-09-26T12:00:00Z,HIGH,,
Milo Marlow,BOL,PF,171,73,204.9/452.5,0.453,109.6/137.7,0.796,68.6,563.1,338.1,99.3,24.1,49.9,73.1,TOTAL,yahoo_screenshot,2026-09-26T12:00:00Z,HIGH,,
Marek Blackwood,CRS,PF,200,71,166.1/311.9,0.533,73/79,0.924,55.7,437.1,356.9,103.4,21.2,63.2,64.5,TOTAL,yahoo_screenshot,2026-09-26T12:00:00Z,HIGH,,
Wes Oakridge,DUN,"SG,SF",143,70,310.7/817.6,0.38,146.8/182.2,0.806,145,869.1,265.8,256.7,65.6,8.7,113.3,TOTAL,yahoo_screenshot,2026-09-26T12:00:00Z,HIGH,,
Ansel Lockhart,ALB,C,227,74,180/320.9,0.561,102.1/136.6,0.747,12.1,468.7,530.4,120.2,31.4,59.9,71.3,TOTAL,yahoo_screenshot,2026-09-26T12:00:00Z,HIGH,,
Orin Garrow,BRV,"PF,C",251,69,168/328.2,0.512,80.5/96.8,0.832,67.6,456.3,275.5,115.5,27.9,37.1,71.2,TOTAL,yahoo_screenshot,2026-09-26T12:00:00Z,HIGH,,
Ulises Ingram,CDR,PG,210,69,256.6/547.2,0.469,136.6/148,0.923,103.1,714.3,181.1,266,55.2,16.7,121,TOTAL,yahoo_screenshot,2026-09-26T12:00:00Z,HIGH,,
Kade Lockhart,DLT,"SG,SF",277,71,118/262.1,0.45,65.6/75.9,0.864,44.5,330,167.3,111,35.2,10.9,55.8,TOTAL,yahoo_screenshot,2026-09-26T12:00:00Z,HIGH,,
Dante Dunmore,EMB,SG,299,79,160.8/358.3,0.449,73.4/91,0.807,66.6,437.7,136.4,159.6,22.4,17.2,49.9,TOTAL,yahoo_screenshot,2026-09-26T12:00:00Z,HIGH,,
Avery Quill,FRG,C,233,72,202.2/328.2,0.616,103.6/161.7,0.641,18.9,517.7,552.8,122.7,38.3,101,70.6,TOTAL,yahoo_screenshot,2026-09-26T12:00:00Z,HIGH,,
Kade Ingram,GLN,C,226,56,161.1/257.2,0.626,94.1/136.7,0.688,11.7,422.2,575.3,110.5,36.2,67.1,53,TOTAL,yahoo_screenshot,2026-09-26T12:00:00Z,HIGH,,
Hollis Wolcott,HVN,C,154,56,206/343.9,0.599,122.5/202.3,0.606,9.8,539.5,445.3,107.7,36.2,55.2,49.2,TOTAL,yahoo_screenshot,2026-09-26T12:00:00Z,HIGH,,
Jalen Ingram,IRN,"SF,PF",156,78,383.2/811.3,0.472,144.8/179.9,0.805,70.5,955.1,364,147.8,36.5,35.5,72.8,TOTAL,yahoo_screenshot,2026-09-26T12:00:00Z,HIGH,,
Quincy Kestrel,JAD,C,234,74,150.8/258.5,0.583,76.8/119.6,0.642,12.5,385.1,594.5,140.9,39.5,99.7,73.5,TOTAL,yahoo_screenshot,2026-09-26T12:00:00Z,HIGH,,
Zane Calloway,KNG,"PG,SG",247,54,202.6/411.9,0.492,80.9/100.5,0.805,88.2,539.6,175.5,274.9,42.2,11.6,102.6,TOTAL,yahoo_screenshot,2026-09-26T12:00:00Z,HIGH,,
Zane Ravensworth,LYX,C,276,52,149.5/281.4,0.531,87.1/134.5,0.648,6,389.5,234.6,69.6,25.9,45.5,37,TOTAL,yahoo_screenshot,2026-09-26T12:00:00Z,HIGH,,
Bram Eastlake,MTR,"PG,SG",236,78,199.2/404.4,0.493,122.7/148.8,0.825,130.6,600.2,188.7,325,66.5,24.3,115.7,TOTAL,yahoo_screenshot,2026-09-26T12:00:00Z,HIGH,,
Ulises Vexley,NOV,PG,157,73,362.5/895.3,0.405,117.9/127.2,0.927,142.9,939.6,240.1,448.7,78.2,16,116.4,TOTAL,yahoo_screenshot,2026-09-26T12:00:00Z,HIGH,,
Xander Eastlake,ORC,"SG,SF",229,73,284.8/557.1,0.511,158.1/186.9,0.846,116.5,796.5,245.5,198.7,35,13.3,75.2,TOTAL,yahoo_screenshot,2026-09-26T12:00:00Z,HIGH,,
Milo Stroud,PHN,PF,264,74,230/422.1,0.545,113.3/146.3,0.774,56.4,605.2,353.2,100.1,37.6,41,69,TOTAL,yahoo_screenshot,2026-09-26T12:00:00Z,HIGH,,
Quincy Lockhart,QST,PF,295,72,165.9/359.1,0.462,128.7/160.4,0.802,57.6,496.7,340.8,106,32.6,79.1,54.3,TOTAL,yahoo_screenshot,2026-09-26T12:00:00Z,HIGH,,
Eli Fairbourne,RVR,C,175,75,218.4/353.4,0.618,95.9/142.1,0.675,21.1,543.4,761.6,130.3,41.9,136.7,85.8,TOTAL,yahoo_screenshot,2026-09-26T12:00:00Z,HIGH,,
Kellan Fairbourne,SUM,"SF,PF",300,76,276.5/625,0.442,169.8/205.4,0.827,68.3,766.8,268.4,122.7,31.2,17.9,76.1,TOTAL,yahoo_screenshot,2026-09-26T12:00:00Z,HIGH,,
Gage Stroud,TID,"PF,C",257,72,223.3/450.1,0.496,94.9/122.8,0.773,68.3,582.7,361.7,116.6,38.6,73.4,71.9,TOTAL,yahoo_screenshot,2026-09-26T12:00:00Z,HIGH,,
Gage Marlow,UMB,"PF,C",286,74,178/425.9,0.418,89.4/108.3,0.825,63.7,487.9,352.5,94.3,37.2,37.1,32.3,TOTAL,yahoo_screenshot,2026-09-26T12:00:00Z,HIGH,,
Marek Fairbourne,VIP,C,252,70,178.1/309.3,0.576,75.6/134.8,0.561,12.3,438.4,400.8,130.7,28.2,67.1,50.7,TOTAL,yahoo_screenshot,2026-09-26T12:00:00Z,HIGH,,
Xander Jessop,WLD,PG,213,45,91.7/220.6,0.416,58.9/69.6,0.846,48.1,274.4,98.4,119.5,28.1,7,47.2,TOTAL,yahoo_screenshot,2026-09-26T12:00:00Z,HIGH,,
Florian Lockhart,XEN,C,297,78,179.9/345,0.521,116.8/158.5,0.737,13.7,484.7,468.6,81.5,25.4,64.8,62.1,TOTAL,yahoo_screenshot,2026-09-26T12:00:00Z,HIGH,,
Yuri Abernet,YTI,PF,113,74,248.1/518,0.479,119.8/142.6,0.84,89.7,671.4,454.9,128.2,44,60.9,104.5,TOTAL,yahoo_screenshot,2026-09-26T12:00:00Z,HIGH,,
Jalen Marlow,ZEP,PG,191,79,199.1/452.7,0.44,67/73.8,0.908,90.5,523.9,189,279.8,59.7,12.8,84.6,TOTAL,yahoo_screenshot,2026-09-26T12:00:00Z,HIGH,,
Kellan Abernet,ARC,"SF,PF",139,69,228.2/512.2,0.446,119.4/148,0.807,60.9,615,265,137.6,23.9,36.2,68.6,TOTAL,yahoo_screenshot,2026-09-26T12:00:00Z,HIGH,,
Rowan Oakridge,BOL,SG,203,73,229.8/477.9,0.481,86.8/104.2,0.833,110.3,614.3,238.5,255,44.9,27.2,70.7,TOTAL,yahoo_screenshot,2026-09-26T12:00:00Z,HIGH,,
Emeka Yarrow,CRS,C,242,67,172.3/293.9,0.586,87.7/132.7,0.661,9.2,437.2,483.1,106.1,26,47.6,50.1,TOTAL,yahoo_screenshot,2026-09-26T12:00:00Z,HIGH,,
Ulises Corvell,DUN,SF,240,48,99.9/218.7,0.457,43.6/57.4,0.76,29.1,261.9,185.7,107.9,24.7,24.2,27.4,TOTAL,yahoo_screenshot,2026-09-26T12:00:00Z,HIGH,,
Nico Fairbourne,ALB,C,205,74,204.9/367.5,0.558,125.4/184.8,0.679,16.6,544.4,578.7,131.4,56.6,102.1,69.5,TOTAL,yahoo_screenshot,2026-09-26T12:00:00Z,HIGH,,
Tate Fairbourne,BRV,PG,275,76,168.9/369.5,0.457,84.9/98.1,0.865,35.8,445.4,180.9,260.6,51.6,11.1,106.1,TOTAL,yahoo_screenshot,2026-09-26T12:00:00Z,HIGH,,
Blake Ravensworth,CDR,C,293,73,169.4/282.2,0.6,63.9/100.7,0.635,13.9,410,477.6,99.2,44.2,76.1,62,TOTAL,yahoo_screenshot,2026-09-26T12:00:00Z,HIGH,,
Dorian Jessop,DLT,PF,298,74,191.9/370.9,0.517,83.9/108.8,0.771,49.4,496.6,319.7,105,24,69,56.2,TOTAL,yahoo_screenshot,2026-09-26T12:00:00Z,HIGH,,
Cam Draven,EMB,C,232,75,220.3/387,0.569,120.5/184.9,0.652,8.5,565.8,410.4,82.1,41.2,68.5,86.8,TOTAL,yahoo_screenshot,2026-09-26T12:00:00Z,HIGH,,
Linus Birchwell,FRG,"PF,C",294,69,158.2/355.2,0.445,78.3/92.1,0.85,36.6,418.3,290.8,95.3,21.7,37.1,49.4,TOTAL,yahoo_screenshot,2026-09-26T12:00:00Z,HIGH,,
Finn Eastlake,GLN,C,244,74,237.1/381.8,0.621,105.7/164.6,0.642,15.3,587.6,541.2,101.8,35.5,109,78.8,TOTAL,yahoo_screenshot,2026-09-26T12:00:00Z,HIGH,,
Eli Garrow,HVN,SF,195,75,395.4/830,0.476,125/157.1,0.796,121.5,991.1,298.7,161.1,50.7,30.8,105.7,TOTAL,yahoo_screenshot,2026-09-26T12:00:00Z,HIGH,,
Dante Garrow,IRN,PF,262,75,245.7/594.6,0.413,94.1/118.6,0.793,78.1,637.7,316.9,90.5,35,35.2,59.4,TOTAL,yahoo_screenshot,2026-09-26T12:00:00Z,HIGH,,
Idris Oakridge,JAD,SF,254,50,146/358.4,0.407,90.3/127.9,0.706,55.4,419.6,202.5,83.5,51,27.7,48.8,TOTAL,yahoo_screenshot,2026-09-26T12:00:00Z,HIGH,,
Marek Kestrel,KNG,"PF,C",216,80,240.2/494.3,0.486,152.8/186.9,0.818,67,674.1,415.7,115.9,50.2,71,64.5,TOTAL,yahoo_screenshot,2026-09-26T12:00:00Z,HIGH,,
Niall Dunmore,LYX,SG,296,73,260.4/545.6,0.477,144.6/166.3,0.87,85.2,718.1,163.9,177.9,43.5,24.9,85.6,TOTAL,yahoo_screenshot,2026-09-26T12:00:00Z,HIGH,,
Linus Ashgrove,MTR,SF,287,80,97.2/208.3,0.467,34.8/44,0.791,46.2,258,226.7,116.9,64.2,30.3,43.6,TOTAL,yahoo_screenshot,2026-09-26T12:00:00Z,HIGH,,
Ivo Wolcott,NOV,"PG,SG",228,47,99.4/195.9,0.507,47.9/55.6,0.862,57.3,280.8,121.8,151.6,28.6,10.9,46.6,TOTAL,yahoo_screenshot,2026-09-26T12:00:00Z,HIGH,,
Vance Jessop,ORC,SF,272,74,163.4/317.9,0.514,104.4/150.1,0.696,69.9,472.4,311.8,157.4,44.5,33,71.1,TOTAL,yahoo_screenshot,2026-09-26T12:00:00Z,HIGH,,
Blake Stroud,PHN,"PG,SG",269,71,143.6/353.9,0.406,88.2/110.3,0.8,45.3,406,189,192.3,67,11.6,74.2,TOTAL,yahoo_screenshot,2026-09-26T12:00:00Z,HIGH,,
Wes Marlow,QST,SF,282,74,182.3/373.6,0.488,124.2/156.3,0.795,46.8,517.4,246.6,147,59.2,42.8,65.3,TOTAL,yahoo_screenshot,2026-09-26T12:00:00Z,HIGH,,
Cyrus Ravensworth,RVR,"PG,SG",291,77,132.9/319.7,0.416,60.2/73.9,0.815,53.9,362,158,173,47.3,13.7,72.3,TOTAL,yahoo_screenshot,2026-09-26T12:00:00Z,HIGH,,
Hugo Draven,SUM,SG,273,73,153.7/320.6,0.479,95.1/115.8,0.821,80,451.8,167.7,167.9,56.8,15.5,72.5,TOTAL,yahoo_screenshot,2026-09-26T12:00:00Z,HIGH,,
Emeka Pembrook,TID,C,283,73,126.7/217.1,0.584,77.7/117.5,0.661,7.8,335.3,614.4,85.2,32.9,90.5,50.9,TOTAL,yahoo_screenshot,2026-09-26T12:00:00Z,HIGH,,
Hollis Pembrook,UMB,SF,265,73,213.9/453,0.472,94.8/113.7,0.834,84.8,575.3,262.1,127.3,54,39.2,58.2,TOTAL,yahoo_screenshot,2026-09-26T12:00:00Z,HIGH,,
Eli Wolcott,VIP,"SG,SF",208,72,282.8/641,0.441,87.5/113.3,0.772,62.1,693.3,210.6,173.1,50.4,30.2,72.5,TOTAL,yahoo_screenshot,2026-09-26T12:00:00Z,HIGH,,
Florian Quill,WLD,PG,280,77,208/453.1,0.459,100.5/116,0.866,72.4,562.3,172.1,172.7,48.5,10.2,106.7,TOTAL,yahoo_screenshot,2026-09-26T12:00:00Z,HIGH,,
Pax Northcott,XEN,SF,212,69,75.2/156.5,0.481,38.8/51.6,0.752,43.6,216.1,190.6,130.8,57.1,10.6,27.4,TOTAL,yahoo_screenshot,2026-09-26T12:00:00Z,HIGH,,
Vance Ashgrove,YTI,PF,263,74,223.1/462.4,0.482,115.4/133.9,0.862,57.7,597,373.1,104.5,43.7,36.9,81.6,TOTAL,yahoo_screenshot,2026-09-26T12:00:00Z,HIGH,,
Orin Everly,ZEP,PG,163,78,249.3/536.4,0.465,148.8/178.5,0.834,114.4,719.3,195,329.1,75.5,15,102.2,TOTAL,yahoo_screenshot,2026-09-26T12:00:00Z,HIGH,,
Blake Yarrow,ARC,C,193,45,138.4/235.9,0.587,100.5/156.3,0.643,9.2,382.3,358.2,60.3,15.9,52.1,39.8,TOTAL,yahoo_screenshot,2026-09-26T12:00:00Z,HIGH,,
Orin Underhill,BOL,PF,209,80,282/559,0.504,157/205,0.766,69.3,762.3,478.5,135.1,29.5,88.5,67.7,TOTAL,yahoo_screenshot,2026-09-26T12:00:00Z,HIGH,,
Hollis Thorne,CRS,C,166,75,212/370.1,0.573,107.7/184,0.585,17.7,541.3,393.5,117.2,38.2,113.8,73.6,TOTAL,yahoo_screenshot,2026-09-26T12:00:00Z,HIGH,,
Ulises Eastlake,DUN,SF,250,77,279.4/573.9,0.487,138.1/200.7,0.688,63.6,735.8,293.9,153.6,42.8,35.1,102.1,TOTAL,yahoo_screenshot,2026-09-26T12:00:00Z,HIGH,,
