player,team,positions,yahooXRank,yahooRank,yahooL7Adp,providerRank,providerAdp,engineBpvRank,engineSeasonRank,enginePerGameRank,engineNeutral9CatRank,gp,strengths,weaknesses,risk,availabilityScore,disagreementFlags,deltaEngineVsProvider,deltaEngineVsXRank,deltaYahooL7AdpVsProviderAdp,severity,tentativeClasses,evidence
Cyrus Ingram,BOL,SG/SF,54,55,38.6,37,,1,1,2,4,80,FT%; 3PM; PTS; STL,TO,LOW,98,projection Δ vs bbm,36,53,,MAJOR,SOURCE_DATA_MISMATCH; PERCENTAGE_VOLUME_DIFFERENCE,"projection Δ vs bbm; volume-weighted z FG 0.06, FT 2.84"
Quincy Calloway,WLD,PG,4,21,4.3,23,,2,2,3,3,77,FT%; 3PM; PTS; AST; STL,FG%; BLK; TO,LOW,98,,21,2,,DISAGREE,PERCENTAGE_VOLUME_DIFFERENCE,"volume-weighted z FG -1.08, FT 2.11"
Tate Dunmore,JAD,PG,17,19,24.9,11,,3,4,1,2,70,FT%; 3PM; PTS; AST; STL,TO,LOW,97,,8,14,,NONE,,
Hugo Corvell,SUM,PG,13,20,24.6,18,,4,3,4,1,74,3PM; PTS; AST; STL,BLK; TO,LOW,99,,14,9,,NONE,,
Hollis Underhill,RVR,PG/SG,11,14,14.5,7,,5,5,6,9,79,FT%; 3PM; AST; STL,TO,LOW,99,,2,6,,NONE,,
Kellan Lockhart,XEN,PG,36,34,37.7,21,,6,8,7,5,76,3PM; PTS; AST; STL,FG%; TO,LOW,90,,15,30,,MAJOR,LIKELY_ENGINE_DEFECT,"No data, durability, percentage or intentional-weighting explanation found — investigate manually."
Florian Ingram,QST,C,16,9,9.8,8,,7,6,9,12,79,FG%; PTS; REB; BLK,FT%; 3PM; TO,LOW,99,projection Δ vs bbm,1,9,,NONE,,
Avery Fairbourne,GLN,SF/PF,15,15,18.5,30,,8,7,17,17,80,3PM; PTS,TO,LOW,99,,22,7,,DISAGREE,LIKELY_ENGINE_DEFECT,"No data, durability, percentage or intentional-weighting explanation found — investigate manually."
Niall Northcott,VIP,PF/C,40,39,35.5,29,,9,9,16,13,79,FT%; 3PM; BLK,,LOW,98,,20,31,,MAJOR,LIKELY_ENGINE_DEFECT,"No data, durability, percentage or intentional-weighting explanation found — investigate manually."
Orin Hartwell,KNG,SG,27,33,35.4,46,,10,10,10,15,76,3PM; PTS; STL,TO,LOW,100,,36,17,,MAJOR,LIKELY_ENGINE_DEFECT,"No data, durability, percentage or intentional-weighting explanation found — investigate manually."
Cyrus Pembrook,LYX,SG,9,31,13.7,19,,11,11,11,8,76,3PM; PTS; STL,TO,LOW,98,,8,-2,,NONE,,
Emeka Blackwood,FRG,C,41,5,35.1,35,,12,13,8,7,73,FG%; PTS; REB; BLK,FT%; 3PM; TO,LOW,90,,23,29,,DISAGREE,PERCENTAGE_VOLUME_DIFFERENCE,"volume-weighted z FG 3.78, FT -1.34"
Ulises Birchwell,YTI,PF/C,33,42,33.3,31,,13,14,12,10,74,3PM; REB,,LOW,99,,18,20,,DISAGREE,LIKELY_ENGINE_DEFECT,"No data, durability, percentage or intentional-weighting explanation found — investigate manually."
Linus Eastlake,JAD,C,35,43,49.2,51,,14,12,18,33,78,FG%; REB; BLK,FT%; 3PM; TO,LOW,98,,37,21,,MAJOR,PERCENTAGE_VOLUME_DIFFERENCE; INTENTIONAL_ENGINE_BEHAVIOR,"volume-weighted z FG 2.33, FT -4.32; neutral 9-cat rank 33 vs BPV rank 14 (TO weight 0.75, z-cap on FT%/REB/BLK)"
Vance Yarrow,BRV,PF/C,7,13,5.8,12,,15,34,5,6,57,FT%; 3PM; PTS; BLK,TO,MODERATE,71,,-3,-8,,NONE,,
Wes Quill,MTR,PF/C,29,7,9.9,20,,16,16,13,14,73,PTS; REB; BLK,TO,LOW,99,,4,13,,NONE,,
Kade Birchwell,ALB,PF,2,3,10.8,2,,17,15,19,18,76,3PM; PTS,FG%,LOW,98,,-15,-15,,DISAGREE,PERCENTAGE_VOLUME_DIFFERENCE,"volume-weighted z FG -1.52, FT 0.50"
Yuri Ravensworth,TID,SG/SF,39,51,52.2,50,,18,20,15,11,71,FT%; PTS,,LOW,97,projection Δ vs bbm,32,21,,MAJOR,SOURCE_DATA_MISMATCH; PERCENTAGE_VOLUME_DIFFERENCE,"projection Δ vs bbm; volume-weighted z FG -0.36, FT 2.09"
Orin Wolcott,SUM,SG/SF,59,41,46,44,,19,18,23,21,77,3PM; STL,,LOW,100,,25,40,,MAJOR,LIKELY_ENGINE_DEFECT,"No data, durability, percentage or intentional-weighting explanation found — investigate manually."
Tate Oakridge,EMB,SF,8,4,12.5,4,,20,17,25,22,78,3PM; PTS; REB; STL,FG%,LOW,99,,-16,-12,,DISAGREE,PERCENTAGE_VOLUME_DIFFERENCE,"volume-weighted z FG -2.79, FT -0.56"
Quincy Fairbourne,MTR,PG,51,27,40.3,43,,21,19,27,28,77,FT%; 3PM; PTS; AST; STL,FG%; REB; BLK; TO,LOW,99,,22,30,,MAJOR,PERCENTAGE_VOLUME_DIFFERENCE,"volume-weighted z FG -1.24, FT 1.79"
Ulises Pembrook,DUN,PF,10,6,14.6,13,,22,22,22,19,72,FT%; PTS,,LOW,100,,-9,-12,,NONE,,
Gage Ashgrove,DLT,SG/SF,14,10,3.6,5,,23,21,28,29,76,FT%; 3PM; PTS; STL,FG%; TO,LOW,96,projection Δ vs bbm,-18,-9,,DISAGREE,SOURCE_DATA_MISMATCH; PERCENTAGE_VOLUME_DIFFERENCE,"projection Δ vs bbm; volume-weighted z FG -1.87, FT 1.69"
Marek Birchwell,CDR,PG,46,53,52.6,47,,24,26,21,23,70,FT%; PTS; AST; STL,FG%; TO,LOW,98,,23,22,,DISAGREE,PERCENTAGE_VOLUME_DIFFERENCE,"volume-weighted z FG -1.91, FT 2.00"
Milo Ashgrove,ARC,C,20,29,32.9,22,,25,24,26,24,73,FG%; PTS; REB; BLK,FT%; 3PM,LOW,97,,-3,-5,,NONE,,
Marek Oakridge,TID,C,23,11,17.4,9,,26,30,20,20,69,FG%; PTS; REB; BLK,FT%; 3PM; TO,LOW,90,projection Δ vs bbm,-17,-3,,DISAGREE,SOURCE_DATA_MISMATCH; PERCENTAGE_VOLUME_DIFFERENCE,"projection Δ vs bbm; volume-weighted z FG 1.78, FT -2.06"
Quincy Yarrow,KNG,SF,3,12,3.8,3,,27,31,24,25,70,PTS; STL,TO,LOW,97,,-24,-24,,DISAGREE,LIKELY_ENGINE_DEFECT,"No data, durability, percentage or intentional-weighting explanation found — investigate manually."
Rowan Garrow,UMB,PF/C,19,45,32.4,33,,28,23,35,35,78,PTS,FT%,LOW,99,,5,-9,,NONE,,
Milo Northcott,PHN,PF,52,38,68.1,64,,29,28,30,27,74,,,LOW,98,,35,23,,MAJOR,LIKELY_ENGINE_DEFECT,"No data, durability, percentage or intentional-weighting explanation found — investigate manually."
Soren Northcott,ORC,C,50,40,54.3,45,,30,27,32,26,75,REB; BLK,FT%; 3PM,LOW,99,,15,20,,DISAGREE,PERCENTAGE_VOLUME_DIFFERENCE,"volume-weighted z FG 0.63, FT -3.62"
Wes Birchwell,ALB,PG,45,32,27.1,42,,31,25,34,38,76,FT%; PTS; AST; STL,TO,LOW,98,,11,14,,NONE,,
Idris Lockhart,PHN,SF/PF,18,18,28.2,15,,32,29,33,34,75,3PM; PTS; STL,,LOW,99,,-17,-14,,DISAGREE,LIKELY_ENGINE_DEFECT,"No data, durability, percentage or intentional-weighting explanation found — investigate manually."
Eli Vexley,NOV,PG,21,22,21.8,14,,33,33,36,31,74,3PM; PTS; AST,TO,LOW,97,,-19,-12,,DISAGREE,LIKELY_ENGINE_DEFECT,"No data, durability, percentage or intentional-weighting explanation found — investigate manually."
Cam Ashgrove,FRG,PF,6,8,7,10,,34,53,14,16,52,3PM; PTS; REB,TO,MODERATE,70,,-24,-28,,DISAGREE,GP_DURABILITY_ADJUSTMENT; INTENTIONAL_ENGINE_BEHAVIOR,"GP 52, per-game rank 14 vs season-blended rank 34, risk MODERATE; neutral 9-cat rank 16 vs BPV rank 34 (TO weight 0.75)"
Milo Zeller,HVN,PG,12,23,16.4,16,,35,32,40,58,79,3PM; PTS; AST,FG%; TO,LOW,100,,-19,-23,,DISAGREE,PERCENTAGE_VOLUME_DIFFERENCE; INTENTIONAL_ENGINE_BEHAVIOR,"volume-weighted z FG -2.18, FT 0.84; neutral 9-cat rank 58 vs BPV rank 35 (TO weight 0.75, z-cap on AST/TO)"
Kade Draven,YTI,C,55,91,67,66,,36,35,41,41,77,FG%; REB; BLK,FT%; 3PM,LOW,98,,30,19,,MAJOR,PERCENTAGE_VOLUME_DIFFERENCE,"volume-weighted z FG 2.24, FT -3.10"
Florian Ravensworth,CRS,SF/PF,63,72,57.2,67,,37,36,47,45,78,STL,,LOW,98,,30,26,,MAJOR,GP_DURABILITY_ADJUSTMENT,"GP 78, per-game rank 47 vs season-blended rank 37, risk LOW"
Ulises Zeller,CDR,SG/SF,5,1,8.5,1,,38,37,38,37,70,3PM; PTS; STL,FG%; TO,LOW,98,,-37,-33,,MAJOR,LIKELY_ENGINE_DEFECT,"No data, durability, percentage or intentional-weighting explanation found — investigate manually."
Hollis Fairbourne,EMB,SG,24,37,18.3,25,,39,57,29,30,57,FT%; 3PM; PTS,TO,HIGH,68,,-14,-15,,DISAGREE,GP_DURABILITY_ADJUSTMENT; PERCENTAGE_VOLUME_DIFFERENCE,"GP 57, per-game rank 29 vs season-blended rank 39, risk HIGH; volume-weighted z FG -0.15, FT 1.59"
Galen Stroud,WLD,SF,49,47,64.9,48,,40,43,37,36,67,,,LOW,98,projection Δ vs bbm,8,9,,NONE,,
Finn Marlow,BOL,PF,47,57,67.6,62,,41,61,31,32,58,REB; BLK,,MODERATE,70,,21,6,,DISAGREE,GP_DURABILITY_ADJUSTMENT,"GP 58, per-game rank 31 vs season-blended rank 41, risk MODERATE"
Tate Marlow,HVN,SG/SF,31,16,43.4,38,,42,39,44,43,71,3PM; PTS,FG%,LOW,98,,-4,-11,,NONE,,
Dante Quill,UMB,PF,57,60,47,56,,43,41,43,40,70,BLK,,LOW,99,,13,14,,NONE,,
Ulises Thorne,ZEP,PF/C,34,62,42,49,,44,38,50,49,74,,,LOW,94,,5,-10,,NONE,,
Orin Ravensworth,YTI,SF/PF,53,59,72.6,60,,45,40,49,44,72,STL,,LOW,99,,15,8,,DISAGREE,LIKELY_ENGINE_DEFECT,"No data, durability, percentage or intentional-weighting explanation found — investigate manually."
Hugo Ravensworth,ZEP,C,25,17,23.8,40,,46,45,51,51,73,FG%; REB; BLK,FT%; 3PM,LOW,97,,-6,-21,,DISAGREE,PERCENTAGE_VOLUME_DIFFERENCE,"volume-weighted z FG 3.09, FT -2.33"
Soren Blackwood,VIP,C,58,50,49.6,53,,47,42,56,53,75,FG%; REB,FT%; 3PM,LOW,99,,6,11,,NONE,,
Idris Underhill,MTR,SF/PF,71,75,87.1,86,,48,48,53,50,72,,,LOW,100,,38,23,,MAJOR,LIKELY_ENGINE_DEFECT,"No data, durability, percentage or intentional-weighting explanation found — investigate manually."
Hugo Kestrel,DUN,PG,111,98,120.9,125,,49,46,57,56,75,FT%; AST,,LOW,99,,76,62,,MAJOR,LIKELY_ENGINE_DEFECT,"No data, durability, percentage or intentional-weighting explanation found — investigate manually."
Finn Wolcott,ARC,PF/C,48,52,57,58,,50,52,52,52,68,3PM,,LOW,98,,8,-2,,NONE,,
Zane Blackwood,CRS,SG/SF,43,28,42.3,41,,51,71,42,42,60,PTS; STL,,HIGH,69,,-10,-8,,NONE,,
Eli Fairbourne,RVR,C,173,169,157.5,175,,52,50,58,54,75,REB; BLK,3PM; PTS,LOW,90,,123,121,,MAJOR,LIKELY_ENGINE_DEFECT,"No data, durability, percentage or intentional-weighting explanation found — investigate manually."
Emeka Corvell,EMB,SG,107,97,97.4,96,,53,44,66,62,80,STL,,LOW,98,,43,54,,MAJOR,GP_DURABILITY_ADJUSTMENT,"GP 80, per-game rank 66 vs season-blended rank 53, risk LOW"
Idris Pembrook,ORC,SG,113,106,97,110,,54,47,64,64,79,FT%; STL,FG%,LOW,99,,56,59,,MAJOR,GP_DURABILITY_ADJUSTMENT; INTENTIONAL_ENGINE_BEHAVIOR,"GP 79, per-game rank 64 vs season-blended rank 54, risk LOW; neutral 9-cat rank 64 vs BPV rank 54 (TO weight 0.75)"
Avery Lockhart,ORC,PF/C,28,35,27.5,26,,55,79,48,47,59,BLK,,HIGH,58,,-29,-27,,DISAGREE,GP_DURABILITY_ADJUSTMENT,"GP 59, per-game rank 48 vs season-blended rank 55, risk HIGH"
Florian Yarrow,VIP,PG/SG,81,103,86.5,88,,56,51,61,68,76,FT%; AST,REB; BLK,LOW,99,,32,25,,MAJOR,PERCENTAGE_VOLUME_DIFFERENCE; INTENTIONAL_ENGINE_BEHAVIOR,"volume-weighted z FG -0.46, FT 2.25; neutral 9-cat rank 68 vs BPV rank 56 (TO weight 0.75)"
Marek Stroud,LYX,PF/C,64,81,61.4,75,,57,49,67,65,78,,,LOW,99,,18,7,,DISAGREE,GP_DURABILITY_ADJUSTMENT,"GP 78, per-game rank 67 vs season-blended rank 57, risk LOW"
Finn Abernet,BRV,SF/PF,26,36,19.2,27,,58,88,39,48,54,PTS,TO,HIGH,64,,-31,-32,,MAJOR,GP_DURABILITY_ADJUSTMENT; INTENTIONAL_ENGINE_BEHAVIOR,"GP 54, per-game rank 39 vs season-blended rank 58, risk HIGH; neutral 9-cat rank 48 vs BPV rank 58 (TO weight 0.75)"
Soren Yarrow,GLN,SF/PF,30,24,22.6,17,,59,56,60,63,73,STL,,LOW,99,,-42,-29,,MAJOR,LIKELY_ENGINE_DEFECT,"No data, durability, percentage or intentional-weighting explanation found — investigate manually."
Dorian Underhill,RVR,SG/SF,60,74,66.2,59,,60,66,59,61,70,3PM,,LOW,97,,-1,0,,NONE,,
Wes Calloway,RVR,SF/PF,65,67,65.2,68,,61,59,65,60,73,STL,,LOW,97,,7,4,,NONE,,
Dorian Garrow,ALB,SG,42,30,38.6,34,,62,63,62,79,72,3PM; PTS,FG%; TO,LOW,96,,-28,-20,,DISAGREE,PERCENTAGE_VOLUME_DIFFERENCE; INTENTIONAL_ENGINE_BEHAVIOR,"volume-weighted z FG -2.25, FT 0.14; neutral 9-cat rank 79 vs BPV rank 62 (TO weight 0.75)"
Galen Abernet,CRS,SF,78,83,69.9,72,,63,55,73,66,75,,,LOW,98,,9,15,,DISAGREE,GP_DURABILITY_ADJUSTMENT,"GP 75, per-game rank 73 vs season-blended rank 63, risk LOW"
Emeka Kestrel,LYX,PF/C,83,68,72.9,77,,64,64,63,59,72,,,LOW,97,,13,19,,DISAGREE,LIKELY_ENGINE_DEFECT,"No data, durability, percentage or intentional-weighting explanation found — investigate manually."
Gage Draven,QST,C,56,48,55.6,63,,65,58,69,69,74,FG%; REB,3PM,LOW,98,,-2,-9,,NONE,,
Eli Birchwell,IRN,PG,82,79,89.2,82,,66,60,70,75,74,FT%; AST,REB; BLK,LOW,98,,16,16,,DISAGREE,LIKELY_ENGINE_DEFECT,"No data, durability, percentage or intentional-weighting explanation found — investigate manually."
Niall Pembrook,XEN,C,97,108,107,107,,67,97,46,39,53,FG%; REB; BLK,3PM,HIGH,67,projection Δ vs bbm,40,30,,MAJOR,SOURCE_DATA_MISMATCH; GP_DURABILITY_ADJUSTMENT; INTENTIONAL_ENGINE_BEHAVIOR,"projection Δ vs bbm; GP 53, per-game rank 46 vs season-blended rank 67, risk HIGH; neutral 9-cat rank 39 vs BPV rank 67 (TO weight 0.75)"
Eli Zeller,CRS,PG/SG,169,163,169,159,,68,62,72,76,74,FT%; AST,REB,LOW,99,,91,101,,MAJOR,PERCENTAGE_VOLUME_DIFFERENCE,"volume-weighted z FG -0.47, FT 1.66"
Gage Abernet,DLT,PG/SG,85,93,94,92,,69,68,68,73,71,AST,REB; BLK,LOW,97,,23,16,,DISAGREE,LIKELY_ENGINE_DEFECT,"No data, durability, percentage or intentional-weighting explanation found — investigate manually."
Linus Fairbourne,WLD,SG,93,84,79.4,87,,70,67,75,71,72,,,LOW,99,,17,23,,DISAGREE,LIKELY_ENGINE_DEFECT,"No data, durability, percentage or intentional-weighting explanation found — investigate manually."
Quincy Marlow,QST,C,61,73,70.2,69,,71,65,79,81,75,FG%; REB,FT%; 3PM,LOW,95,,-2,-10,,NONE,,
Kade Wolcott,DUN,PG,73,54,75.1,76,,72,70,71,78,70,AST,REB,LOW,100,,4,1,,NONE,,
Milo Fairbourne,EMB,SF,89,109,101.5,99,,73,69,77,70,72,STL,FG%,LOW,97,,26,16,,DISAGREE,LIKELY_ENGINE_DEFECT,"No data, durability, percentage or intentional-weighting explanation found — investigate manually."
Lior Everly,NOV,PF/C,38,25,28.6,28,,74,118,45,46,49,PTS; BLK,,HIGH,63,projection Δ vs bbm,-46,-36,,MAJOR,SOURCE_DATA_MISMATCH; GP_DURABILITY_ADJUSTMENT; INTENTIONAL_ENGINE_BEHAVIOR,"projection Δ vs bbm; GP 49, per-game rank 45 vs season-blended rank 74, risk HIGH; neutral 9-cat rank 46 vs BPV rank 74 (TO weight 0.75)"
Dorian Fairbourne,RVR,SG,103,89,82.1,80,,75,54,85,84,80,3PM,REB,LOW,99,,5,28,,DISAGREE,GP_DURABILITY_ADJUSTMENT,"GP 80, per-game rank 85 vs season-blended rank 75, risk LOW"
Hugo Yarrow,DLT,SG,44,46,45.2,32,,76,99,54,57,55,3PM; PTS; STL,TO,HIGH,50,,-44,-32,,MAJOR,GP_DURABILITY_ADJUSTMENT; INTENTIONAL_ENGINE_BEHAVIOR,"GP 55, per-game rank 54 vs season-blended rank 76, risk HIGH; neutral 9-cat rank 57 vs BPV rank 76 (TO weight 0.75)"
Ivo Yarrow,PHN,PG,110,105,93.3,108,,77,76,80,82,71,AST,REB,LOW,99,,31,33,,MAJOR,LIKELY_ENGINE_DEFECT,"No data, durability, percentage or intentional-weighting explanation found — investigate manually."
Kellan Oakridge,IRN,SF/PF,22,26,29.5,24,,78,74,84,95,74,PTS,FG%; TO,LOW,97,,-54,-56,,MAJOR,PERCENTAGE_VOLUME_DIFFERENCE; INTENTIONAL_ENGINE_BEHAVIOR,"volume-weighted z FG -1.86, FT -0.20; neutral 9-cat rank 95 vs BPV rank 78 (TO weight 0.75)"
Quincy Corvell,ARC,C,74,64,59.9,65,,79,75,86,85,74,FG%; REB; BLK,FT%; 3PM; STL,LOW,98,,-14,-5,,NONE,,
Eli Ravensworth,GLN,C,162,157,161.2,148,,80,73,87,83,75,FG%; REB; BLK,FT%; 3PM,LOW,100,,68,82,,MAJOR,LIKELY_ENGINE_DEFECT,"No data, durability, percentage or intentional-weighting explanation found — investigate manually."
Idris Thorne,QST,PG,121,121,127.1,120,,81,80,88,87,74,FT%; AST,FG%; REB; BLK,LOW,99,,39,40,,MAJOR,LIKELY_ENGINE_DEFECT,"No data, durability, percentage or intentional-weighting explanation found — investigate manually."
Rowan Hartwell,TID,C,187,183,188.4,190,,82,72,96,88,80,REB; TO,3PM; PTS,LOW,99,,108,105,,MAJOR,GP_DURABILITY_ADJUSTMENT,"GP 80, per-game rank 96 vs season-blended rank 82, risk LOW"
Yuri Calloway,HVN,PF,37,44,45.9,36,,83,77,93,99,78,,FG%,LOW,99,projection Δ vs bbm,-47,-46,,MAJOR,SOURCE_DATA_MISMATCH; GP_DURABILITY_ADJUSTMENT; INTENTIONAL_ENGINE_BEHAVIOR,"projection Δ vs bbm; GP 78, per-game rank 93 vs season-blended rank 83, risk LOW; neutral 9-cat rank 99 vs BPV rank 83 (TO weight 0.75)"
Finn Pembrook,EMB,C,79,69,75.2,61,,84,136,55,55,48,FG%; REB; BLK,3PM; STL,MODERATE,75,,-23,-5,,DISAGREE,GP_DURABILITY_ADJUSTMENT; PERCENTAGE_VOLUME_DIFFERENCE; INTENTIONAL_ENGINE_BEHAVIOR,"GP 48, per-game rank 55 vs season-blended rank 84, risk MODERATE; volume-weighted z FG 1.81, FT -0.81; neutral 9-cat rank 55 vs BPV rank 84 (TO weight 0.75)"
Wes Ravensworth,YTI,C,151,130,146.6,146,,85,78,102,98,79,BLK,3PM,LOW,99,,61,66,,MAJOR,GP_DURABILITY_ADJUSTMENT; INTENTIONAL_ENGINE_BEHAVIOR,"GP 79, per-game rank 102 vs season-blended rank 85, risk LOW; neutral 9-cat rank 98 vs BPV rank 85 (TO weight 0.75)"
Emeka Jessop,BRV,PG/SG,105,126,120.6,132,,86,81,101,103,78,AST,REB; BLK,LOW,99,,46,19,,MAJOR,GP_DURABILITY_ADJUSTMENT; INTENTIONAL_ENGINE_BEHAVIOR,"GP 78, per-game rank 101 vs season-blended rank 86, risk LOW; neutral 9-cat rank 103 vs BPV rank 86 (TO weight 0.75)"
Pax Underhill,DLT,PF/C,88,100,85.9,90,,87,83,95,96,75,,,LOW,98,,3,1,,NONE,,
Soren Fairbourne,BOL,SF,118,131,110.1,124,,88,87,94,89,73,,,LOW,99,,36,30,,MAJOR,LIKELY_ENGINE_DEFECT,"No data, durability, percentage or intentional-weighting explanation found — investigate manually."
Ivo Pembrook,DUN,C,254,261,,261,,89,117,82,67,59,REB; BLK; TO,3PM; PTS; STL,HIGH,62,Yahoo review: adp,172,165,,MAJOR,SOURCE_DATA_MISMATCH; GP_DURABILITY_ADJUSTMENT; INTENTIONAL_ENGINE_BEHAVIOR,"Yahoo review: adp; GP 59, per-game rank 82 vs season-blended rank 89, risk HIGH; neutral 9-cat rank 67 vs BPV rank 89 (TO weight 0.75)"
Orin Northcott,BOL,SG/SF,131,142,137.4,136,,90,90,92,92,72,,,LOW,98,,46,41,,MAJOR,LIKELY_ENGINE_DEFECT,"No data, durability, percentage or intentional-weighting explanation found — investigate manually."
Dante Ashgrove,IRN,SG,80,77,66.7,70,,91,131,74,74,54,3PM; STL,,HIGH,67,projection Δ vs bbm,-21,-11,,DISAGREE,SOURCE_DATA_MISMATCH; GP_DURABILITY_ADJUSTMENT; INTENTIONAL_ENGINE_BEHAVIOR,"projection Δ vs bbm; GP 54, per-game rank 74 vs season-blended rank 91, risk HIGH; neutral 9-cat rank 74 vs BPV rank 91 (TO weight 0.75)"
Nico Fairbourne,ALB,C,206,209,,205,,92,86,98,90,74,BLK; TO,3PM; PTS,LOW,89,Yahoo review: adp,113,114,,MAJOR,SOURCE_DATA_MISMATCH,Yahoo review: adp
Blake Hartwell,ALB,PF,167,141,156.9,145,,93,82,108,107,78,,STL,LOW,99,,52,74,,MAJOR,GP_DURABILITY_ADJUSTMENT; INTENTIONAL_ENGINE_BEHAVIOR,"GP 78, per-game rank 108 vs season-blended rank 93, risk LOW; neutral 9-cat rank 107 vs BPV rank 93 (TO weight 0.75)"
Eli Eastlake,NOV,PG/SG,98,104,108,100,,94,91,99,105,73,AST,,LOW,98,,6,4,,NONE,,
Eli Thorne,UMB,PF,92,82,90.5,93,,95,126,81,80,57,,STL,MODERATE,76,,-2,-3,,NONE,,
Quincy Zeller,JAD,PF/C,70,65,49.4,54,,96,89,106,102,75,,,LOW,98,,-42,-26,,MAJOR,GP_DURABILITY_ADJUSTMENT,"GP 75, per-game rank 106 vs season-blended rank 96, risk LOW"
Jonah Northcott,IRN,SG/SF,1,2,2.4,6,,97,92,103,121,73,3PM; PTS,FG%; TO,LOW,99,,-91,-96,,MAJOR,PERCENTAGE_VOLUME_DIFFERENCE; INTENTIONAL_ENGINE_BEHAVIOR,"volume-weighted z FG -3.15, FT -0.63; neutral 9-cat rank 121 vs BPV rank 97 (TO weight 0.75, z-cap on FG%)"
Dorian Vexley,LYX,SG/SF,32,49,53.9,39,,98,85,109,120,77,,FG%,LOW,96,,-59,-66,,MAJOR,GP_DURABILITY_ADJUSTMENT; PERCENTAGE_VOLUME_DIFFERENCE; INTENTIONAL_ENGINE_BEHAVIOR,"GP 77, per-game rank 109 vs season-blended rank 98, risk LOW; volume-weighted z FG -2.07, FT 0.41; neutral 9-cat rank 120 vs BPV rank 98 (TO weight 0.75)"
Kade Abernet,CDR,C,225,225,,235,,99,94,100,91,71,FG%; BLK,3PM; STL,LOW,98,Yahoo review: adp,136,126,,MAJOR,SOURCE_DATA_MISMATCH,Yahoo review: adp
Kade Ingram,GLN,C,207,219,,226,,100,132,83,72,56,FG%; REB; TO,3PM; PTS,LOW,85,Yahoo review: adp,126,107,,MAJOR,SOURCE_DATA_MISMATCH; GP_DURABILITY_ADJUSTMENT; INTENTIONAL_ENGINE_BEHAVIOR,"Yahoo review: adp; GP 56, per-game rank 83 vs season-blended rank 100, risk LOW; neutral 9-cat rank 72 vs BPV rank 100 (TO weight 0.75)"
Lior Underhill,ALB,C,161,158,157.4,167,,101,84,113,110,78,REB; BLK,3PM; STL,LOW,99,,66,60,,MAJOR,GP_DURABILITY_ADJUSTMENT,"GP 78, per-game rank 113 vs season-blended rank 101, risk LOW"
Lior Vexley,SUM,C,170,164,175.5,173,,102,93,105,100,73,FG%; BLK,3PM; PTS; STL,LOW,90,,71,68,,MAJOR,LIKELY_ENGINE_DEFECT,"No data, durability, percentage or intentional-weighting explanation found — investigate manually."
Yuri Eastlake,GLN,SF/PF,114,102,113.4,94,,103,96,112,106,74,,,LOW,98,,-9,11,,NONE,,
Lior Jessop,ZEP,PF,160,153,171.2,162,,104,95,115,108,75,,,LOW,90,,58,56,,MAJOR,GP_DURABILITY_ADJUSTMENT,"GP 75, per-game rank 115 vs season-blended rank 104, risk LOW"
Dorian Eastlake,NOV,PG,67,80,61.9,57,,105,150,78,97,51,3PM; AST,FG%; TO,HIGH,59,,-48,-38,,MAJOR,GP_DURABILITY_ADJUSTMENT; PERCENTAGE_VOLUME_DIFFERENCE,"GP 51, per-game rank 78 vs season-blended rank 105, risk HIGH; volume-weighted z FG -2.15, FT 0.34"
Jonah Ingram,DUN,PF/C,102,95,103.4,109,,106,98,114,111,74,,STL,LOW,99,,3,-4,,NONE,,
Wes Ingram,HVN,C,87,85,80.1,89,,107,105,107,101,70,REB; BLK,FT%; 3PM; STL,LOW,98,,-18,-20,,DISAGREE,LIKELY_ENGINE_DEFECT,"No data, durability, percentage or intentional-weighting explanation found — investigate manually."
Quincy Eastlake,JAD,PG/SG,95,99,99,91,,108,100,110,123,72,AST,BLK; TO,LOW,97,,-17,-13,,DISAGREE,INTENTIONAL_ENGINE_BEHAVIOR,neutral 9-cat rank 123 vs BPV rank 108 (TO weight 0.75)
Hollis Quill,ARC,SG,120,155,137.8,131,,109,108,104,109,68,,REB,LOW,95,,22,11,,DISAGREE,LIKELY_ENGINE_DEFECT,"No data, durability, percentage or intentional-weighting explanation found — investigate manually."
Jalen Yarrow,ZEP,C,183,168,,189,,110,106,111,104,71,FG%; REB; BLK,FT%; 3PM,LOW,99,Yahoo review: adp,79,73,,MAJOR,SOURCE_DATA_MISMATCH,Yahoo review: adp
Soren Marlow,BRV,SG,62,56,59.5,52,,111,175,76,77,45,3PM; PTS,FG%,HIGH,55,projection Δ vs bbm,-59,-49,,MAJOR,SOURCE_DATA_MISMATCH; GP_DURABILITY_ADJUSTMENT; INTENTIONAL_ENGINE_BEHAVIOR,"projection Δ vs bbm; GP 45, per-game rank 76 vs season-blended rank 111, risk HIGH; neutral 9-cat rank 77 vs BPV rank 111 (TO weight 0.75)"
Ulises Vexley,NOV,PG,150,175,143.7,157,,112,103,118,116,73,AST,FG%; REB; BLK,LOW,90,,45,38,,MAJOR,LIKELY_ENGINE_DEFECT,"No data, durability, percentage or intentional-weighting explanation found — investigate manually."
Hugo Lockhart,UMB,SG/SF,69,76,82.3,84,,113,109,116,114,71,,FG%,LOW,97,,-29,-44,,MAJOR,LIKELY_ENGINE_DEFECT,"No data, durability, percentage or intentional-weighting explanation found — investigate manually."
Gage Northcott,GLN,SG/SF,101,116,111.5,102,,114,139,89,86,56,,,HIGH,62,,-12,-13,,NONE,,
Linus Underhill,ORC,SF/PF,136,149,147.4,151,,115,107,120,113,73,STL,,LOW,98,,36,21,,MAJOR,LIKELY_ENGINE_DEFECT,"No data, durability, percentage or intentional-weighting explanation found — investigate manually."
Ansel Stroud,KNG,C,244,229,,241,,116,116,117,112,70,FG%; REB,FT%; 3PM,LOW,98,Yahoo review: adp,125,128,,MAJOR,SOURCE_DATA_MISMATCH; PERCENTAGE_VOLUME_DIFFERENCE,"Yahoo review: adp; volume-weighted z FG 1.29, FT -2.17"
Vance Calloway,LYX,PF,146,151,159.6,150,,117,102,129,126,77,,,LOW,99,,33,29,,MAJOR,GP_DURABILITY_ADJUSTMENT,"GP 77, per-game rank 129 vs season-blended rank 117, risk LOW"
Avery Quill,FRG,C,234,228,,233,,118,114,121,115,72,BLK,3PM; PTS; STL,LOW,90,Yahoo review: adp,115,116,,MAJOR,SOURCE_DATA_MISMATCH,Yahoo review: adp
Kade Ashgrove,FRG,PG,148,128,142.8,141,,119,146,91,93,56,STL,REB; BLK,HIGH,53,,22,29,,DISAGREE,GP_DURABILITY_ADJUSTMENT; INTENTIONAL_ENGINE_BEHAVIOR,"GP 56, per-game rank 91 vs season-blended rank 119, risk HIGH; neutral 9-cat rank 93 vs BPV rank 119 (TO weight 0.75)"
Finn Eastlake,GLN,C,229,247,,244,,120,110,123,119,74,FG%; BLK,3PM; PTS; STL,LOW,90,Yahoo review: adp,124,109,,MAJOR,SOURCE_DATA_MISMATCH,Yahoo review: adp
Galen Vexley,TID,C,197,197,,177,,121,104,133,127,77,BLK,3PM,LOW,97,Yahoo review: adp,56,76,,MAJOR,SOURCE_DATA_MISMATCH; GP_DURABILITY_ADJUSTMENT,"Yahoo review: adp; GP 77, per-game rank 133 vs season-blended rank 121, risk LOW"
Hollis Northcott,YTI,PF/C,119,147,109.3,115,,122,101,136,136,78,,BLK,LOW,90,,-7,-3,,NONE,,
Rowan Calloway,ORC,SF/PF,86,88,94.9,74,,123,113,126,133,74,,FG%,LOW,95,,-49,-37,,MAJOR,PERCENTAGE_VOLUME_DIFFERENCE; INTENTIONAL_ENGINE_BEHAVIOR,"volume-weighted z FG -1.82, FT 0.18; neutral 9-cat rank 133 vs BPV rank 123 (TO weight 0.75)"
Lior Draven,CDR,SG/SF,191,189,172.7,181,,124,111,128,132,75,FT%,BLK,LOW,98,,57,67,,MAJOR,LIKELY_ENGINE_DEFECT,"No data, durability, percentage or intentional-weighting explanation found — investigate manually."
Cam Garrow,TID,C,91,61,91.9,95,,125,115,124,131,73,FG%; REB,FT%; 3PM,LOW,90,,-30,-34,,MAJOR,PERCENTAGE_VOLUME_DIFFERENCE,"volume-weighted z FG 1.92, FT -1.84"
Blake Calloway,TID,SF/PF,179,165,178.6,168,,126,112,132,122,75,TO,,LOW,99,,42,53,,MAJOR,LIKELY_ENGINE_DEFECT,"No data, durability, percentage or intentional-weighting explanation found — investigate manually."
Florian Pembrook,XEN,SG,72,63,82.6,81,,127,124,122,130,71,,,LOW,97,,-46,-55,,MAJOR,LIKELY_ENGINE_DEFECT,"No data, durability, percentage or intentional-weighting explanation found — investigate manually."
Bram Pembrook,CDR,SG/SF,75,71,56.4,55,,128,120,130,139,73,3PM,FG%,LOW,96,,-73,-53,,MAJOR,PERCENTAGE_VOLUME_DIFFERENCE; INTENTIONAL_ENGINE_BEHAVIOR,"volume-weighted z FG -2.42, FT 0.64; neutral 9-cat rank 139 vs BPV rank 128 (TO weight 0.75)"
Wes Garrow,EMB,SG,163,190,182.1,180,,129,119,135,134,74,,REB,LOW,96,,51,34,,MAJOR,LIKELY_ENGINE_DEFECT,"No data, durability, percentage or intentional-weighting explanation found — investigate manually."
Quincy Kestrel,JAD,C,248,227,,234,,130,125,139,137,74,BLK,3PM; PTS; STL,LOW,90,Yahoo review: adp,104,118,,MAJOR,SOURCE_DATA_MISMATCH,Yahoo review: adp
Blake Blackwood,ALB,SG/SF,116,107,114.5,104,,131,143,119,117,62,,FG%,MODERATE,73,,-27,-15,,DISAGREE,GP_DURABILITY_ADJUSTMENT; INTENTIONAL_ENGINE_BEHAVIOR,"GP 62, per-game rank 119 vs season-blended rank 131, risk MODERATE; neutral 9-cat rank 117 vs BPV rank 131 (TO weight 0.75)"
Bram Hartwell,MTR,C,143,132,125.1,116,,132,123,143,141,76,,3PM; STL,LOW,99,,-16,11,,DISAGREE,GP_DURABILITY_ADJUSTMENT,"GP 76, per-game rank 143 vs season-blended rank 132, risk LOW"
Niall Abernet,XEN,PG,68,87,86.2,78,,133,191,90,118,48,AST; STL,REB; BLK; TO,VERY_HIGH,44,projection Δ vs bbm,-55,-65,,MAJOR,SOURCE_DATA_MISMATCH; GP_DURABILITY_ADJUSTMENT; INTENTIONAL_ENGINE_BEHAVIOR,"projection Δ vs bbm; GP 48, per-game rank 90 vs season-blended rank 133, risk VERY_HIGH; neutral 9-cat rank 118 vs BPV rank 133 (TO weight 0.75)"
Finn Ravensworth,KNG,PG,117,110,114.1,123,,134,127,138,152,73,,REB,LOW,97,,-11,-17,,DISAGREE,INTENTIONAL_ENGINE_BEHAVIOR,neutral 9-cat rank 152 vs BPV rank 134 (TO weight 0.75)
Zane Pembrook,RVR,SF,213,217,,217,,135,135,131,125,68,,BLK,LOW,98,Yahoo review: adp,82,78,,MAJOR,SOURCE_DATA_MISMATCH; INTENTIONAL_ENGINE_BEHAVIOR,Yahoo review: adp; neutral 9-cat rank 125 vs BPV rank 135 (TO weight 0.75)
Idris Fairbourne,FRG,PG/SG,99,114,104.9,98,,136,128,142,157,74,AST; STL,FG%; BLK; TO,LOW,98,,-38,-37,,MAJOR,INTENTIONAL_ENGINE_BEHAVIOR,neutral 9-cat rank 157 vs BPV rank 136 (TO weight 0.75)
Niall Corvell,MTR,PG/SG,112,113,118.2,122,,137,129,144,153,74,,REB; BLK,LOW,98,,-15,-25,,DISAGREE,INTENTIONAL_ENGINE_BEHAVIOR,neutral 9-cat rank 153 vs BPV rank 137 (TO weight 0.75)
Bram Wolcott,PHN,SF,134,124,118.2,106,,138,130,145,140,74,,,LOW,97,,-32,-4,,MAJOR,LIKELY_ENGINE_DEFECT,"No data, durability, percentage or intentional-weighting explanation found — investigate manually."
Yuri Oakridge,WLD,PF,100,94,106.6,114,,139,137,137,135,68,,STL,LOW,99,,-25,-39,,MAJOR,LIKELY_ENGINE_DEFECT,"No data, durability, percentage or intentional-weighting explanation found — investigate manually."
Marek Kestrel,KNG,PF/C,235,223,,216,,140,121,153,149,80,TO,,LOW,90,Yahoo review: adp,76,95,,MAJOR,SOURCE_DATA_MISMATCH; GP_DURABILITY_ADJUSTMENT,"Yahoo review: adp; GP 80, per-game rank 153 vs season-blended rank 140, risk LOW"
Orin Underhill,BOL,PF,219,215,,209,,141,122,154,151,80,TO,STL,LOW,89,Yahoo review: adp,68,78,,MAJOR,SOURCE_DATA_MISMATCH; GP_DURABILITY_ADJUSTMENT; INTENTIONAL_ENGINE_BEHAVIOR,"Yahoo review: adp; GP 80, per-game rank 154 vs season-blended rank 141, risk LOW; neutral 9-cat rank 151 vs BPV rank 141 (TO weight 0.75)"
Yuri Abernet,YTI,PF,132,118,122.7,113,,142,133,149,147,74,,,LOW,90,,-29,-10,,DISAGREE,LIKELY_ENGINE_DEFECT,"No data, durability, percentage or intentional-weighting explanation found — investigate manually."
Finn Oakridge,ZEP,PF,109,117,101.1,112,,143,212,97,94,47,,,VERY_HIGH,49,,-31,-34,,MAJOR,GP_DURABILITY_ADJUSTMENT; INTENTIONAL_ENGINE_BEHAVIOR,"GP 47, per-game rank 97 vs season-blended rank 143, risk VERY_HIGH; neutral 9-cat rank 94 vs BPV rank 143 (TO weight 0.75)"
Ansel Pembrook,TID,PF,115,96,106.2,105,,144,138,147,144,70,,,LOW,97,,-39,-29,,MAJOR,LIKELY_ENGINE_DEFECT,"No data, durability, percentage or intentional-weighting explanation found — investigate manually."
Nico Oakridge,SUM,C,215,221,,197,,145,141,152,148,71,BLK,3PM; PTS; STL,LOW,98,Yahoo review: adp,52,70,,MAJOR,SOURCE_DATA_MISMATCH,Yahoo review: adp
Orin Everly,ZEP,PG,174,156,182.9,163,,146,134,160,161,78,,REB; BLK,LOW,90,,17,28,,DISAGREE,GP_DURABILITY_ADJUSTMENT; INTENTIONAL_ENGINE_BEHAVIOR,"GP 78, per-game rank 160 vs season-blended rank 146, risk LOW; neutral 9-cat rank 161 vs BPV rank 146 (TO weight 0.75)"
Jalen Ravensworth,BRV,C,282,277,,292,,147,176,134,124,58,TO,3PM; PTS,MODERATE,70,Yahoo review: adp,145,135,,MAJOR,SOURCE_DATA_MISMATCH; GP_DURABILITY_ADJUSTMENT; INTENTIONAL_ENGINE_BEHAVIOR,"Yahoo review: adp; GP 58, per-game rank 134 vs season-blended rank 147, risk MODERATE; neutral 9-cat rank 124 vs BPV rank 147 (TO weight 0.75)"
Pax Jessop,ORC,C,227,256,,223,,148,188,127,129,56,BLK,3PM; STL,VERY_HIGH,47,Yahoo review: adp,75,79,,MAJOR,SOURCE_DATA_MISMATCH; GP_DURABILITY_ADJUSTMENT; INTENTIONAL_ENGINE_BEHAVIOR,"Yahoo review: adp; GP 56, per-game rank 127 vs season-blended rank 148, risk VERY_HIGH; neutral 9-cat rank 129 vs BPV rank 148 (TO weight 0.75)"
Emeka Pembrook,TID,C,270,278,,283,,149,142,157,154,73,TO,3PM; PTS; STL,LOW,87,Yahoo review: adp,134,121,,MAJOR,SOURCE_DATA_MISMATCH,Yahoo review: adp
Cyrus Lockhart,BOL,SG,171,171,185.4,164,,150,144,156,155,72,,,LOW,99,,14,21,,DISAGREE,LIKELY_ENGINE_DEFECT,"No data, durability, percentage or intentional-weighting explanation found — investigate manually."
Orin Abernet,XEN,PG/SG,94,90,100.9,103,,151,170,141,150,62,AST,BLK,HIGH,68,,-48,-57,,MAJOR,GP_DURABILITY_ADJUSTMENT,"GP 62, per-game rank 141 vs season-blended rank 151, risk HIGH"
Pax Zeller,XEN,SF/PF,152,160,152.6,152,,152,153,155,156,70,,,LOW,99,,0,0,,NONE,,
Linus Blackwood,KNG,PF,96,92,91.4,85,,153,148,158,158,72,,STL,LOW,97,,-68,-57,,MAJOR,LIKELY_ENGINE_DEFECT,"No data, durability, percentage or intentional-weighting explanation found — investigate manually."
Xander Stroud,CRS,SG/SF,126,120,115.7,121,,154,147,159,159,73,,,LOW,94,,-33,-28,,MAJOR,LIKELY_ENGINE_DEFECT,"No data, durability, percentage or intentional-weighting explanation found — investigate manually."
Hugo Zeller,BRV,SF,153,161,153.8,144,,155,209,125,128,53,,,HIGH,68,,-11,-2,,NONE,,
Xander Blackwood,SUM,SF,66,70,74.2,73,,156,145,161,173,74,,FG%; FT%,LOW,97,,-83,-90,,MAJOR,PERCENTAGE_VOLUME_DIFFERENCE; INTENTIONAL_ENGINE_BEHAVIOR,"volume-weighted z FG -1.61, FT -1.46; neutral 9-cat rank 173 vs BPV rank 156 (TO weight 0.75)"
Linus Oakridge,CRS,SF,217,205,,222,,157,149,162,166,74,,PTS,LOW,99,Yahoo review: adp,65,60,,MAJOR,SOURCE_DATA_MISMATCH,Yahoo review: adp
Bram Eastlake,MTR,PG/SG,224,234,,236,,158,140,176,179,78,,PTS; REB,LOW,90,Yahoo review: adp,78,66,,MAJOR,SOURCE_DATA_MISMATCH; GP_DURABILITY_ADJUSTMENT; INTENTIONAL_ENGINE_BEHAVIOR,"Yahoo review: adp; GP 78, per-game rank 176 vs season-blended rank 158, risk LOW; neutral 9-cat rank 179 vs BPV rank 158 (TO weight 0.75)"
Cam Wolcott,SUM,PF/C,125,125,123,111,,159,156,167,167,73,,STL,LOW,100,,-48,-34,,MAJOR,LIKELY_ENGINE_DEFECT,"No data, durability, percentage or intentional-weighting explanation found — investigate manually."
Galen Calloway,DUN,C,84,78,78.1,79,,160,154,171,188,74,REB,FT%; 3PM; STL,LOW,98,,-81,-76,,MAJOR,GP_DURABILITY_ADJUSTMENT; PERCENTAGE_VOLUME_DIFFERENCE; INTENTIONAL_ENGINE_BEHAVIOR,"GP 74, per-game rank 171 vs season-blended rank 160, risk LOW; volume-weighted z FG 0.98, FT -1.56; neutral 9-cat rank 188 vs BPV rank 160 (TO weight 0.75)"
Blake Ravensworth,CDR,C,287,300,,293,,161,158,169,162,73,TO,3PM; PTS,LOW,90,Yahoo review: adp,132,126,,MAJOR,SOURCE_DATA_MISMATCH,Yahoo review: adp
Tate Northcott,VIP,SG/SF,141,146,149.1,138,,162,159,165,165,72,,REB,LOW,97,,-24,-21,,DISAGREE,LIKELY_ENGINE_DEFECT,"No data, durability, percentage or intentional-weighting explanation found — investigate manually."
Eli Underhill,EMB,SG/SF,135,139,142.1,135,,163,151,174,169,75,,,LOW,98,,-28,-28,,DISAGREE,GP_DURABILITY_ADJUSTMENT,"GP 75, per-game rank 174 vs season-blended rank 163, risk LOW"
Gage Stroud,TID,PF/C,262,272,,257,,164,161,166,163,72,,PTS; STL,LOW,88,Yahoo review: adp,93,98,,MAJOR,SOURCE_DATA_MISMATCH,Yahoo review: adp
Florian Stroud,SUM,SG/SF,90,86,96.7,101,,165,155,172,172,74,,,LOW,99,,-64,-75,,MAJOR,LIKELY_ENGINE_DEFECT,"No data, durability, percentage or intentional-weighting explanation found — investigate manually."
Hollis Garrow,IRN,SF,211,214,,202,,166,162,168,160,72,TO,,LOW,98,Yahoo review: adp,36,45,,MAJOR,SOURCE_DATA_MISMATCH,Yahoo review: adp
Eli Garrow,HVN,SF,202,196,,195,,167,157,179,181,75,,,LOW,90,Yahoo review: adp,28,35,,MAJOR,SOURCE_DATA_MISMATCH; GP_DURABILITY_ADJUSTMENT; INTENTIONAL_ENGINE_BEHAVIOR,"Yahoo review: adp; GP 75, per-game rank 179 vs season-blended rank 167, risk LOW; neutral 9-cat rank 181 vs BPV rank 167 (TO weight 0.75)"
Orin Eastlake,RVR,PF/C,205,200,,198,,168,152,189,185,78,,STL,LOW,98,Yahoo review: adp,30,37,,MAJOR,SOURCE_DATA_MISMATCH; GP_DURABILITY_ADJUSTMENT; INTENTIONAL_ENGINE_BEHAVIOR,"Yahoo review: adp; GP 78, per-game rank 189 vs season-blended rank 168, risk LOW; neutral 9-cat rank 185 vs BPV rank 168 (TO weight 0.75)"
Jalen Northcott,KNG,SF/PF,184,182,185.3,186,,169,160,183,182,75,,PTS,LOW,98,,17,15,,DISAGREE,GP_DURABILITY_ADJUSTMENT; INTENTIONAL_ENGINE_BEHAVIOR,"GP 75, per-game rank 183 vs season-blended rank 169, risk LOW; neutral 9-cat rank 182 vs BPV rank 169 (TO weight 0.75)"
Hollis Wolcott,HVN,C,147,154,171.2,154,,170,214,148,142,56,FG%; TO,FT%; 3PM,LOW,90,,-16,-23,,DISAGREE,GP_DURABILITY_ADJUSTMENT; PERCENTAGE_VOLUME_DIFFERENCE; INTENTIONAL_ENGINE_BEHAVIOR,"GP 56, per-game rank 148 vs season-blended rank 170, risk LOW; volume-weighted z FG 1.11, FT -1.73; neutral 9-cat rank 142 vs BPV rank 170 (TO weight 0.75)"
Ulises Ingram,CDR,PG,200,194,,210,,171,172,170,175,69,,REB; BLK,LOW,90,Yahoo review: adp,39,29,,MAJOR,SOURCE_DATA_MISMATCH,Yahoo review: adp
Florian Calloway,GLN,SF,127,135,130.1,127,,172,171,173,170,70,,,LOW,90,,-45,-45,,MAJOR,LIKELY_ENGINE_DEFECT,"No data, durability, percentage or intentional-weighting explanation found — investigate manually."
Milo Pembrook,ZEP,C,228,218,,215,,173,167,178,171,72,BLK,3PM; PTS; STL,LOW,91,Yahoo review: adp,42,55,,MAJOR,SOURCE_DATA_MISMATCH,Yahoo review: adp
Yuri Fairbourne,VIP,C,140,145,143.4,137,,174,165,185,183,74,FG%,FT%; 3PM; STL,LOW,92,,-37,-34,,MAJOR,GP_DURABILITY_ADJUSTMENT; PERCENTAGE_VOLUME_DIFFERENCE,"GP 74, per-game rank 185 vs season-blended rank 174, risk LOW; volume-weighted z FG 1.01, FT -1.81"
Finn Calloway,MTR,SF,123,143,135.3,142,,175,164,188,189,75,,,LOW,99,,-33,-52,,MAJOR,GP_DURABILITY_ADJUSTMENT; INTENTIONAL_ENGINE_BEHAVIOR,"GP 75, per-game rank 188 vs season-blended rank 175, risk LOW; neutral 9-cat rank 189 vs BPV rank 175 (TO weight 0.75)"
Jonah Vexley,UMB,C,178,170,171.7,174,,176,228,140,138,49,BLK,FT%; 3PM; STL,HIGH,60,,-2,2,,NONE,,
Zane Wolcott,DLT,SG/SF,139,127,133,126,,177,163,194,199,78,,REB,LOW,97,,-51,-38,,MAJOR,GP_DURABILITY_ADJUSTMENT; INTENTIONAL_ENGINE_BEHAVIOR,"GP 78, per-game rank 194 vs season-blended rank 177, risk LOW; neutral 9-cat rank 199 vs BPV rank 177 (TO weight 0.75)"
Hollis Thorne,CRS,C,154,133,157.3,166,,178,168,190,191,75,BLK,FT%; 3PM; PTS; STL,LOW,90,,-12,-24,,DISAGREE,GP_DURABILITY_ADJUSTMENT; INTENTIONAL_ENGINE_BEHAVIOR,"GP 75, per-game rank 190 vs season-blended rank 178, risk LOW; neutral 9-cat rank 191 vs BPV rank 178 (TO weight 0.75)"
Cam Thorne,WLD,SG/SF,137,122,127.4,133,,179,180,181,184,69,,,LOW,98,,-46,-42,,MAJOR,LIKELY_ENGINE_DEFECT,"No data, durability, percentage or intentional-weighting explanation found — investigate manually."
Galen Quill,NOV,SF,124,112,123.1,128,,180,166,192,197,76,,,LOW,97,,-52,-56,,MAJOR,GP_DURABILITY_ADJUSTMENT; INTENTIONAL_ENGINE_BEHAVIOR,"GP 76, per-game rank 192 vs season-blended rank 180, risk LOW; neutral 9-cat rank 197 vs BPV rank 180 (TO weight 0.75)"
Ivo Vexley,VIP,PF/C,104,101,110.8,97,,181,234,146,143,49,,,HIGH,68,,-84,-77,,MAJOR,GP_DURABILITY_ADJUSTMENT; INTENTIONAL_ENGINE_BEHAVIOR,"GP 49, per-game rank 146 vs season-blended rank 181, risk HIGH; neutral 9-cat rank 143 vs BPV rank 181 (TO weight 0.75)"
Ivo Calloway,HVN,PG,166,166,166.8,170,,182,187,187,190,69,,REB; BLK,LOW,97,,-12,-16,,DISAGREE,LIKELY_ENGINE_DEFECT,"No data, durability, percentage or intentional-weighting explanation found — investigate manually."
Linus Draven,GLN,SG,271,259,,245,,183,173,193,200,74,,REB; BLK,LOW,99,Yahoo review: adp,62,88,,MAJOR,SOURCE_DATA_MISMATCH; GP_DURABILITY_ADJUSTMENT; INTENTIONAL_ENGINE_BEHAVIOR,"Yahoo review: adp; GP 74, per-game rank 193 vs season-blended rank 183, risk LOW; neutral 9-cat rank 200 vs BPV rank 183 (TO weight 0.75)"
Gage Birchwell,PHN,C,186,199,,188,,184,227,151,145,52,BLK; TO,3PM; PTS; STL,VERY_HIGH,45,Yahoo review: adp,4,2,,NONE,,
Dorian Northcott,JAD,SF/PF,257,267,,249,,185,178,191,187,72,TO,PTS,LOW,98,Yahoo review: adp,64,72,,MAJOR,SOURCE_DATA_MISMATCH,Yahoo review: adp
Ansel Lockhart,ALB,C,230,237,,227,,186,174,198,196,74,TO,3PM; PTS; STL,LOW,90,Yahoo review: adp,41,44,,MAJOR,SOURCE_DATA_MISMATCH; GP_DURABILITY_ADJUSTMENT; INTENTIONAL_ENGINE_BEHAVIOR,"Yahoo review: adp; GP 74, per-game rank 198 vs season-blended rank 186, risk LOW; neutral 9-cat rank 196 vs BPV rank 186 (TO weight 0.75)"
Rowan Oakridge,BOL,SG,195,208,,203,,187,177,196,194,73,,REB,MODERATE,84,Yahoo review: adp,16,8,,DISAGREE,SOURCE_DATA_MISMATCH,Yahoo review: adp
Niall Jessop,BOL,PG,175,172,183.6,185,,188,169,206,216,78,,REB; BLK,LOW,99,,-3,-13,,NONE,,
Quincy Lockhart,QST,PF,293,292,,295,,189,185,197,192,72,TO,PTS; STL,LOW,90,Yahoo review: adp,106,104,,MAJOR,SOURCE_DATA_MISMATCH,Yahoo review: adp
Hollis Pembrook,UMB,SF,258,264,,265,,190,182,199,195,73,TO,PTS,LOW,90,Yahoo review: adp,75,68,,MAJOR,SOURCE_DATA_MISMATCH,Yahoo review: adp
Finn Northcott,XEN,SG,199,187,189.2,192,,191,189,195,193,71,,REB; BLK,LOW,98,,1,8,,NONE,,
Xander Eastlake,ORC,SG/SF,221,224,,229,,192,184,200,198,73,,REB; STL; BLK,LOW,87,Yahoo review: adp,37,29,,MAJOR,SOURCE_DATA_MISMATCH,Yahoo review: adp
Ivo Ashgrove,BRV,SF/PF,122,111,126.5,118,,193,179,204,205,75,,BLK,LOW,99,,-75,-71,,MAJOR,GP_DURABILITY_ADJUSTMENT; INTENTIONAL_ENGINE_BEHAVIOR,"GP 75, per-game rank 204 vs season-blended rank 193, risk LOW; neutral 9-cat rank 205 vs BPV rank 193 (TO weight 0.75)"
Rowan Northcott,ZEP,PF/C,158,148,158.9,149,,194,183,217,211,77,,STL,LOW,98,,-45,-36,,MAJOR,GP_DURABILITY_ADJUSTMENT; INTENTIONAL_ENGINE_BEHAVIOR,"GP 77, per-game rank 217 vs season-blended rank 194, risk LOW; neutral 9-cat rank 211 vs BPV rank 194 (TO weight 0.75)"
Ulises Marlow,FRG,SF,138,150,146.2,147,,195,199,202,201,71,,,LOW,99,,-48,-57,,MAJOR,LIKELY_ENGINE_DEFECT,"No data, durability, percentage or intentional-weighting explanation found — investigate manually."
Zane Calloway,KNG,PG/SG,243,238,,247,,196,232,164,174,54,,REB; BLK,LOW,87,projection Δ vs bbm; Yahoo review: adp,51,47,,MAJOR,SOURCE_DATA_MISMATCH; GP_DURABILITY_ADJUSTMENT; INTENTIONAL_ENGINE_BEHAVIOR,"projection Δ vs bbm; Yahoo review: adp; GP 54, per-game rank 164 vs season-blended rank 196, risk LOW; neutral 9-cat rank 174 vs BPV rank 196 (TO weight 0.75)"
Hugo Calloway,QST,PF,149,144,129.8,153,,197,196,207,208,72,,STL,LOW,98,,-44,-48,,MAJOR,GP_DURABILITY_ADJUSTMENT; INTENTIONAL_ENGINE_BEHAVIOR,"GP 72, per-game rank 207 vs season-blended rank 197, risk LOW; neutral 9-cat rank 208 vs BPV rank 197 (TO weight 0.75)"
Soren Wolcott,FRG,PF/C,76,66,78.3,71,,198,253,150,146,45,,STL,HIGH,64,projection Δ vs bbm,-127,-122,,MAJOR,SOURCE_DATA_MISMATCH; GP_DURABILITY_ADJUSTMENT; INTENTIONAL_ENGINE_BEHAVIOR,"projection Δ vs bbm; GP 45, per-game rank 150 vs season-blended rank 198, risk HIGH; neutral 9-cat rank 146 vs BPV rank 198 (TO weight 0.75)"
Linus Everly,PHN,SG,106,134,118.3,119,,199,203,205,203,71,,PTS; REB; BLK,LOW,98,,-80,-93,,MAJOR,LIKELY_ENGINE_DEFECT,"No data, durability, percentage or intentional-weighting explanation found — investigate manually."
Kellan Calloway,WLD,SG/SF,155,180,154.8,158,,200,190,215,212,75,,STL,LOW,92,,-42,-45,,MAJOR,GP_DURABILITY_ADJUSTMENT; INTENTIONAL_ENGINE_BEHAVIOR,"GP 75, per-game rank 215 vs season-blended rank 200, risk LOW; neutral 9-cat rank 212 vs BPV rank 200 (TO weight 0.75)"
Bram Birchwell,DLT,PG/SG,142,119,139.4,155,,201,207,201,222,70,,REB; BLK,LOW,99,,-46,-59,,MAJOR,INTENTIONAL_ENGINE_BEHAVIOR,neutral 9-cat rank 222 vs BPV rank 201 (TO weight 0.75)
Bram Marlow,MTR,SG/SF,181,173,187.6,187,,202,194,212,209,74,,PTS,LOW,97,,-15,-21,,DISAGREE,GP_DURABILITY_ADJUSTMENT,"GP 74, per-game rank 212 vs season-blended rank 202, risk LOW"
Jalen Ingram,IRN,SF/PF,165,178,165.7,156,,204,186,221,217,78,TO,STL,LOW,90,,-48,-39,,MAJOR,GP_DURABILITY_ADJUSTMENT; INTENTIONAL_ENGINE_BEHAVIOR,"GP 78, per-game rank 221 vs season-blended rank 204, risk LOW; neutral 9-cat rank 217 vs BPV rank 204 (TO weight 0.75)"
Nico Ashgrove,BRV,PG,185,203,178.3,184,,205,202,209,224,72,,FG%; REB; BLK,LOW,96,,-21,-20,,DISAGREE,INTENTIONAL_ENGINE_BEHAVIOR,neutral 9-cat rank 224 vs BPV rank 205 (TO weight 0.75)
Emeka Garrow,ORC,SF,192,193,191.1,182,,209,192,220,214,76,TO,,LOW,97,,-27,-17,,DISAGREE,GP_DURABILITY_ADJUSTMENT,"GP 76, per-game rank 220 vs season-blended rank 209, risk LOW"
Nico Dunmore,KNG,PF/C,188,152,180.5,176,,211,193,224,221,77,TO,PTS; STL,LOW,99,,-35,-23,,MAJOR,GP_DURABILITY_ADJUSTMENT; INTENTIONAL_ENGINE_BEHAVIOR,"GP 77, per-game rank 224 vs season-blended rank 211, risk LOW; neutral 9-cat rank 221 vs BPV rank 211 (TO weight 0.75)"
Marek Blackwood,CRS,PF,203,202,,200,,213,213,214,207,71,TO,PTS; STL,LOW,94,Yahoo review: adp,-13,-10,,NONE,,
Gage Everly,HVN,SF,176,167,177.8,196,,214,235,184,180,56,,PTS,HIGH,65,,-18,-38,,MAJOR,GP_DURABILITY_ADJUSTMENT; INTENTIONAL_ENGINE_BEHAVIOR,"GP 56, per-game rank 184 vs season-blended rank 214, risk HIGH; neutral 9-cat rank 180 vs BPV rank 214 (TO weight 0.75)"
Jalen Zeller,GLN,PF,144,136,134.5,130,,216,242,175,176,52,,,HIGH,57,,-86,-72,,MAJOR,GP_DURABILITY_ADJUSTMENT; INTENTIONAL_ENGINE_BEHAVIOR,"GP 52, per-game rank 175 vs season-blended rank 216, risk HIGH; neutral 9-cat rank 176 vs BPV rank 216 (TO weight 0.75)"
Rowan Eastlake,CDR,PG,159,184,167.1,165,,221,218,223,228,71,,REB; BLK,LOW,99,,-56,-62,,MAJOR,LIKELY_ENGINE_DEFECT,"No data, durability, percentage or intentional-weighting explanation found — investigate manually."
Avery Ashgrove,ALB,SG,157,159,163.2,161,,223,250,182,186,51,,FG%,HIGH,65,,-62,-66,,MAJOR,GP_DURABILITY_ADJUSTMENT; INTENTIONAL_ENGINE_BEHAVIOR,"GP 51, per-game rank 182 vs season-blended rank 223, risk HIGH; neutral 9-cat rank 186 vs BPV rank 223 (TO weight 0.75)"
Wes Oakridge,DUN,SG/SF,145,137,149.6,143,,225,219,225,229,70,,FG%; BLK,LOW,98,,-82,-80,,MAJOR,PERCENTAGE_VOLUME_DIFFERENCE,"volume-weighted z FG -1.82, FT 0.25"
Zane Jessop,QST,PG,128,115,140.6,129,,226,208,239,248,80,,FG%; REB; BLK,LOW,94,,-97,-98,,MAJOR,GP_DURABILITY_ADJUSTMENT; INTENTIONAL_ENGINE_BEHAVIOR,"GP 80, per-game rank 239 vs season-blended rank 226, risk LOW; neutral 9-cat rank 248 vs BPV rank 226 (TO weight 0.75)"
Cam Northcott,YTI,SF/PF,190,192,,201,,229,262,180,178,45,,,VERY_HIGH,48,projection Δ vs bbm; Yahoo review: adp,-28,-39,,MAJOR,SOURCE_DATA_MISMATCH; GP_DURABILITY_ADJUSTMENT; INTENTIONAL_ENGINE_BEHAVIOR,"projection Δ vs bbm; Yahoo review: adp; GP 45, per-game rank 180 vs season-blended rank 229, risk VERY_HIGH; neutral 9-cat rank 178 vs BPV rank 229 (TO weight 0.75)"
Bram Lockhart,QST,SG/SF,156,176,153,172,,232,217,245,245,80,TO,REB; STL; BLK,LOW,97,,-60,-76,,MAJOR,GP_DURABILITY_ADJUSTMENT; INTENTIONAL_ENGINE_BEHAVIOR,"GP 80, per-game rank 245 vs season-blended rank 232, risk LOW; neutral 9-cat rank 245 vs BPV rank 232 (TO weight 0.75)"
Blake Yarrow,ARC,C,189,179,,193,,233,263,186,177,45,TO,FT%; 3PM; STL,MODERATE,82,Yahoo review: adp,-40,-44,,MAJOR,SOURCE_DATA_MISMATCH; GP_DURABILITY_ADJUSTMENT; INTENTIONAL_ENGINE_BEHAVIOR,"Yahoo review: adp; GP 45, per-game rank 186 vs season-blended rank 233, risk MODERATE; neutral 9-cat rank 177 vs BPV rank 233 (TO weight 0.75)"
Gage Fairbourne,ALB,SF,77,58,83.4,83,,237,238,232,233,67,,STL,LOW,97,,-154,-160,,MAJOR,LIKELY_ENGINE_DEFECT,"No data, durability, percentage or intentional-weighting explanation found — investigate manually."
Eli Quill,JAD,C,182,174,173.7,169,,241,237,238,239,70,,3PM; PTS; STL,LOW,98,,-72,-59,,MAJOR,LIKELY_ENGINE_DEFECT,"No data, durability, percentage or intentional-weighting explanation found — investigate manually."
Zane Fairbourne,VIP,SF,172,186,160.4,178,,242,229,244,244,74,,PTS,LOW,97,,-64,-70,,MAJOR,LIKELY_ENGINE_DEFECT,"No data, durability, percentage or intentional-weighting explanation found — investigate manually."
Jalen Marlow,ZEP,PG,214,206,,191,,243,223,252,254,79,,PTS; REB; BLK,LOW,89,Yahoo review: adp,-52,-29,,MAJOR,SOURCE_DATA_MISMATCH; INTENTIONAL_ENGINE_BEHAVIOR,Yahoo review: adp; neutral 9-cat rank 254 vs BPV rank 243 (TO weight 0.75)
Kade Stroud,ARC,PG,129,123,129,134,,246,267,203,218,47,,REB; BLK,HIGH,59,,-112,-117,,MAJOR,GP_DURABILITY_ADJUSTMENT; INTENTIONAL_ENGINE_BEHAVIOR,"GP 47, per-game rank 203 vs season-blended rank 246, risk HIGH; neutral 9-cat rank 218 vs BPV rank 246 (TO weight 0.75)"
Kellan Corvell,VIP,PG,196,216,,206,,252,236,263,267,80,,PTS; REB; BLK,LOW,99,Yahoo review: adp,-46,-56,,MAJOR,SOURCE_DATA_MISMATCH; GP_DURABILITY_ADJUSTMENT; INTENTIONAL_ENGINE_BEHAVIOR,"Yahoo review: adp; GP 80, per-game rank 263 vs season-blended rank 252, risk LOW; neutral 9-cat rank 267 vs BPV rank 252 (TO weight 0.75)"
Linus Calloway,HVN,SG/SF,194,204,,199,,257,246,262,265,76,,FG%,LOW,98,Yahoo review: adp,-58,-63,,MAJOR,SOURCE_DATA_MISMATCH,Yahoo review: adp
Soren Draven,PHN,SF,130,140,131,140,,262,254,267,269,74,,FG%,LOW,99,,-122,-132,,MAJOR,LIKELY_ENGINE_DEFECT,"No data, durability, percentage or intentional-weighting explanation found — investigate manually."
Marek Quill,JAD,SG,180,191,180.2,179,,263,259,264,263,71,,REB; BLK,LOW,97,,-84,-83,,MAJOR,LIKELY_ENGINE_DEFECT,"No data, durability, percentage or intentional-weighting explanation found — investigate manually."
Milo Marlow,BOL,PF,177,188,177.2,171,,264,256,266,266,73,,PTS; STL,LOW,95,,-93,-87,,MAJOR,LIKELY_ENGINE_DEFECT,"No data, durability, percentage or intentional-weighting explanation found — investigate manually."
Yuri Ingram,IRN,PG,108,129,134.3,117,,266,264,270,280,72,,FG%; REB; STL; BLK,LOW,96,,-149,-158,,MAJOR,INTENTIONAL_ENGINE_BEHAVIOR,neutral 9-cat rank 280 vs BPV rank 266 (TO weight 0.75)
Kade Marlow,TID,SG/SF,168,162,163.9,160,,269,265,277,278,76,TO,REB; STL; BLK,LOW,98,,-109,-101,,MAJOR,LIKELY_ENGINE_DEFECT,"No data, durability, percentage or intentional-weighting explanation found — investigate manually."
Kellan Abernet,ARC,SF/PF,133,138,145.5,139,,272,279,273,272,69,,STL,LOW,90,,-133,-139,,MAJOR,LIKELY_ENGINE_DEFECT,"No data, durability, percentage or intentional-weighting explanation found — investigate manually."
Eli Corvell,XEN,PG,201,185,191.1,194,,275,272,280,283,74,,PTS; REB; BLK,LOW,97,,-81,-74,,MAJOR,LIKELY_ENGINE_DEFECT,"No data, durability, percentage or intentional-weighting explanation found — investigate manually."
Pax Northcott,XEN,SF,198,201,,212,,278,280,275,271,69,TO,PTS; REB; BLK,LOW,90,Yahoo review: adp,-66,-80,,MAJOR,SOURCE_DATA_MISMATCH,Yahoo review: adp
Finn Stroud,RVR,SG/SF,164,181,169.5,183,,290,283,294,294,77,TO,PTS; REB; STL; BLK,LOW,99,,-107,-126,,MAJOR,LIKELY_ENGINE_DEFECT,"No data, durability, percentage or intentional-weighting explanation found — investigate manually."
Vance Fairbourne,QST,SG,193,195,,204,,292,297,281,282,52,,PTS; REB,MODERATE,79,Yahoo review: adp,-88,-99,,MAJOR,SOURCE_DATA_MISMATCH; GP_DURABILITY_ADJUSTMENT; INTENTIONAL_ENGINE_BEHAVIOR,"Yahoo review: adp; GP 52, per-game rank 281 vs season-blended rank 292, risk MODERATE; neutral 9-cat rank 282 vs BPV rank 292 (TO weight 0.75)"
